UNITID,INSTNM,INSTURL,LATITUDE,LONGITUDE,ADM_RATE,Rank,SATVR25,SATVR75,SATMT25,SATMT75,SATWR25,SATWR75,SATVRMID,SATMTMID,SATWRMID,ACTCM25,ACTCM75,ACTEN25,ACTEN75,ACTMT25,ACTMT75,ACTWR25,ACTWR75,ACTCMMID,ACTENMID,ACTMTMID,ACTWRMID,SAT_AVG,PCIP01,PCIP03,PCIP04,PCIP05,PCIP09,PCIP10,PCIP11,PCIP12,PCIP13,PCIP14,PCIP15,PCIP16,PCIP19,PCIP22,PCIP23,PCIP24,PCIP25,PCIP26,PCIP27,PCIP29,PCIP30,PCIP31,PCIP38,PCIP39,PCIP40,PCIP41,PCIP42,PCIP43,PCIP44,PCIP45,PCIP46,PCIP47,PCIP48,PCIP49,PCIP50,PCIP51,PCIP52,PCIP54,COSTT4_A,UGDS_MEN,UGDS_WOMEN,UGDS_WHITE,UGDS_BLACK,UGDS_HISP,UGDS_ASIAN,UGDS_AIAN,UGDS_NHPI,UGDS,Arrest,zip,Arrest.scale
100858,Auburn University,www.auburn.edu,32.604685,-85.482782,0.8347,103,520,630,530,645,520,610,575,588,565,24,30,24,32,23,28,6,8,27,28,26,7,1215,0.0448,0.0178,0.0221,0,0.0573,0,0.006,0,0.0921,0.1637,0,0.0089,0.0366,0,0.0127,0,0,0.0934,0.0089,0,0.0219,0,0.0013,0,0.0123,0,0.0404,0,0.0178,0.0495,0,0,0,0,0.0361,0.0491,0.1949,0.0125,25282,0.5103,0.4897,0.8507,0.0704,0.0248,0.0227,0.0074,0,20514,58,36849,0.064516129
102094,University of South Alabama,www.southalabama.edu,30.695081,-88.18189,0.8335,258,450,570,450,585,430,540,510,518,485,20,25,20,27,18,25,6,8,23,24,22,7,1048,0,0,0,0,0.039,0,0.028,0,0.0874,0.0714,0,0.005,0,0,0.0105,0,0,0.0614,0.004,0,0.0435,0.02,0.0045,0,0.022,0,0.032,0.0285,0.015,0.0235,0,0,0,0,0.0445,0.3437,0.1009,0.0155,18525,0.4388,0.5612,0.6149,0.2374,0.0276,0.0345,0.0065,0.0013,11267,26,36688,0.028921023
104179,University of Arizona,www.arizona.edu,32.232071,-110.950769,0.7462,121,NULL,NULL,NULL,NULL,NULL,NULL,NULL,NULL,NULL,NULL,NULL,NULL,NULL,NULL,NULL,NULL,NULL,NULL,NULL,NULL,NULL,NULL,0.0144,0.0116,0.0185,0.008,0.0422,0,0.0187,0,0.0443,0.0598,0.0061,0.0317,0.0262,0,0.0262,0,0,0.0992,0.0116,0,0.0651,0,0.0122,0,0.0251,0.0063,0.0791,0.0019,0.0195,0.0929,0,0,0,0,0.0499,0.0604,0.1505,0.0182,24617,0.4788,0.5212,0.5323,0.0355,0.2535,0.0555,0.0115,0.0027,32646,215,85721,0.239154616
105330,Northern Arizona University,nau.edu/,35.180095,-111.657653,0.8099,228,NULL,NULL,NULL,NULL,NULL,NULL,NULL,NULL,NULL,NULL,NULL,NULL,NULL,NULL,NULL,NULL,NULL,NULL,NULL,NULL,NULL,NULL,0,0.0338,0,0.002,0.0521,0,0.005,0,0.1284,0.0376,0,0.0051,0,0.0009,0.0272,0.107,0,0.0528,0.0057,0,0.0083,0.0345,0.0022,0,0.0183,0.0215,0.046,0,0.0125,0.0681,0,0,0,0,0.0316,0.1059,0.1875,0.0062,22561,0.4238,0.5762,0.6109,0.0336,0.2034,0.0165,0.0272,0.0025,23189,143,86011,0.159065628
106397,University of Arkansas,www.uark.edu,36.06153,-94.178214,0.6204,135,500,610,510,620,NULL,NULL,555,565,NULL,23,28,23,30,23,27,NULL,NULL,26,27,25,NULL,1155,0.0417,0.0074,0.0179,0.0008,0.0732,0,0.0113,0,0.0433,0.096,0,0.0123,0.0512,0,0.0189,0,0,0.0525,0.0067,0,0,0.0556,0.0018,0,0.0333,0,0.0343,0.0212,0.0131,0.0735,0,0,0,0,0.0338,0.0806,0.1979,0.0218,20350,0.4829,0.5171,0.7798,0.05,0.0692,0.0251,0.0117,0.0009,21405,198,72701,0.220244716
109785,Azusa Pacific University,www.apu.edu,34.130865,-117.88795,0.8183,173,490,540,490,540,480,530,515,515,505,21,24,21,24,21,24,8,8,23,23,23,8,1037,0,0,0,0.008,0.0544,0,0.0114,0,0.0418,0,0,0.0052,0,0,0.0343,0.0767,0,0.0177,0.0114,0,0,0,0.0057,0.0384,0.0069,0,0.0813,0,0.0206,0.0389,0,0,0,0,0.091,0.2295,0.2124,0.0143,45472,0.3535,0.6465,0.4714,0.0448,0.2614,0.0912,0.0019,0.0095,5918,4,91702,0.004449388
110097,Biola University,www.biola.edu,33.904823,-118.017342,0.754,161,490,620,490,620,490,610,555,555,550,22,28,21,29,21,27,NULL,NULL,25,25,24,NULL,1122,0,0.0021,0,0,0.1202,0,0.0064,0,0.0547,0.0021,0,0.0011,0,0,0.044,0.0097,0,0.0579,0.0075,0,0.0483,0.029,0.015,0.1084,0.0021,0,0.088,0,0,0.074,0,0,0,0,0.1202,0.0794,0.1159,0.0139,46162,0.3728,0.6272,0.5165,0.0209,0.1829,0.1613,0.0014,0.003,4364,1,90639,0.001112347
110316,California Institute of Integral Studies,www.ciis.edu,37.774768,-122.416537,NULL,271,NULL,NULL,NULL,NULL,NULL,NULL,NULL,NULL,NULL,NULL,NULL,NULL,NULL,NULL,NULL,NULL,NULL,NULL,NULL,NULL,NULL,NULL,0,0,0,0,0,0,0,0,0,0,0,0,0,0,0,0,0,0,0,0,1,0,0,0,0,0,0,0,0,0,0,0,0,0,0,0,0,0,NULL,0.3462,0.6538,0.4423,0.1442,0.2212,0.0385,0.0096,0,104,0,94103,0
110404,California Institute of Technology,www.caltech.edu,34.139275,-118.12574,0.0883,10,730,800,770,800,730,790,765,785,760,34,35,34,35,35,36,NULL,NULL,35,35,36,NULL,1545,0,0,0,0,0,0,0.1777,0,0,0.3604,0,0,0,0,0,0,0,0.1269,0.1066,0,0,0,0,0,0.2234,0,0,0,0,0,0,0,0,0,0,0,0.0051,0,58755,0.6358,0.3642,0.2787,0.0153,0.1221,0.4385,0.001,0,983,0,91125,0
117140,University of La Verne,www.laverne.edu/,34.10086,-117.772634,0.4656,166,460,550,470,550,450,540,505,510,495,20,23,18,24,18,25,NULL,NULL,22,21,22,NULL,1014,0,0.0008,0,0,0.0511,0,0.0146,0,0.0308,0,0.0081,0.0008,0.0665,0.013,0.0178,0.0876,0,0.0195,0.0024,0,0,0,0.0008,0,0.0065,0,0.0779,0,0.0251,0.0989,0,0,0,0,0.0251,0.0195,0.4242,0.0089,47935,0.4267,0.5733,0.2389,0.065,0.4812,0.0526,0.0037,0.0047,5137,0,91750,0
120883,University of the Pacific,www.pacific.edu,37.980624,-121.307296,0.549,116,508,630,530,683,510,640,569,607,575,23,30,22,30,23,30,NULL,NULL,27,26,27,NULL,1185,0,0.0076,0,0.0346,0.0335,0,0.0368,0,0.0649,0.1178,0.0162,0.0076,0,0,0.027,0.0032,0,0.1059,0.0054,0,0.0389,0.0595,0.0043,0,0.0162,0,0.0443,0,0,0.0832,0,0,0,0,0.0551,0.0584,0.1676,0.0119,54032,0.4842,0.5158,0.2985,0.025,0.1817,0.3306,0.0058,0.006,3802,12,95211,0.013348165
121150,Pepperdine University,www.pepperdine.edu/,34.041912,-118.707677,0.3546,54,550,650,570,680,560,660,600,625,610,25,30,25,32,24,29,NULL,NULL,28,29,27,NULL,1234,0,0,0,0.0173,0.1636,0,0,0,0.005,0,0,0.005,0,0,0.0372,0.0248,0,0.0372,0.0112,0,0.0533,0.0458,0.0273,0,0.0062,0,0.0843,0,0,0.1004,0,0,0,0,0.0496,0,0.3222,0.0099,61164,0.4089,0.5911,0.4496,0.0606,0.134,0.1302,0.0044,0.0029,3434,1,90263,0.001112347
122409,San Diego State University,www.sdsu.edu,32.77525,-117.071228,0.3448,149,490,600,510,620,NULL,NULL,545,565,NULL,22,27,21,27,22,27,NULL,NULL,25,24,25,NULL,1115,0,0.003,0,0.0079,0.0279,0,0.0116,0,0.0193,0.0582,0.0037,0.0178,0,0,0.0688,0.0299,0,0.0398,0.0128,0,0.0113,0.0478,0.0075,0,0.0105,0,0.0844,0.0582,0.0315,0.1222,0,0,0,0,0.0463,0.0699,0.1971,0.0126,20631,0.4503,0.5497,0.3501,0.0362,0.3104,0.1326,0.0025,0.0026,27824,48,92182,0.053392659
122436,University of San Diego,www.sandiego.edu,32.77142,-117.188721,0.4625,95,560,650,570,670,560,660,605,620,610,26,30,25,32,25,30,8,9,28,29,28,9,1243,0,0.0117,0.0101,0.0023,0.0906,0,0.0023,0,0,0.0531,0,0.0078,0,0,0.039,0.0219,0,0.0757,0.0078,0,0,0,0.0062,0,0.0101,0,0.0687,0,0,0.1421,0,0,0,0,0.0203,0.0008,0.4137,0.0156,57593,0.448,0.552,0.5421,0.0299,0.1932,0.0647,0.005,0.003,5656,2,92110,0.002224694
122612,University of San Francisco,https://www.usfca.edu,37.775564,-122.450977,0.6005,106,510,620,530,630,510,620,565,580,565,23,28,23,29,23,27,8,9,26,26,25,9,1152,0,0.0159,0.0126,0.0027,0.1016,0.0007,0.0193,0,0,0,0,0.0053,0,0,0.0305,0,0,0.0445,0.008,0,0,0.0319,0.01,0.0053,0.0153,0,0.0717,0,0.0073,0.1089,0,0,0,0,0.0405,0.1135,0.334,0.0206,58039,0.3778,0.6222,0.2927,0.0307,0.1956,0.1984,0.0031,0.0059,6745,0,94117,0
123961,University of Southern California,www.usc.edu/,34.021058,-118.283858,0.1802,25,620,720,660,760,640,740,670,710,690,29,33,30,34,28,34,NULL,NULL,31,32,31,NULL,1380,0,0.0087,0.0286,0.0041,0.0941,0,0.0233,0,0,0.0965,0,0.0142,0,0,0.0156,0,0,0.0618,0.0112,0,0.0276,0.0053,0.013,0,0.0065,0,0.0416,0,0.0077,0.1265,0,0,0,0,0.1271,0.0337,0.2445,0.0085,62092,0.4945,0.5055,0.3644,0.0436,0.1353,0.225,0.0013,0.0017,18392,4,90089,0.004449388
125231,Walden University,www.waldenu.edu,44.98137,-93.265741,NULL,279,NULL,NULL,NULL,NULL,NULL,NULL,NULL,NULL,NULL,NULL,NULL,NULL,NULL,NULL,NULL,NULL,NULL,NULL,NULL,NULL,NULL,NULL,0,0,0,0,0.0268,0,0.0384,0,0.0412,0,0,0,0.0625,0,0,0,0,0,0,0,0.011,0,0,0,0,0,0.175,0.0501,0.0233,0,0,0,0,0,0,0.3974,0.1743,0,30930,0.2367,0.7633,0.3927,0.334,0.07,0.0158,0.0043,0.0017,8658,0,55401,0
126775,Colorado School of Mines,www.mines.edu,39.75079,-105.227148,0.3647,88,590,680,640,720,560,650,635,680,605,28,32,26,32,28,33,8,9,30,29,31,9,1333,0,0,0,0,0,0,0.0394,0,0,0.874,0,0,0,0,0,0,0,0,0.0472,0,0,0,0,0,0.0315,0,0,0,0,0.0079,0,0,0,0,0,0,0,0,30154,0.7337,0.2663,0.7525,0.0096,0.076,0.0454,0.0023,0.0005,4383,11,80401,0.012235818
127060,University of Denver,www.du.edu,39.695954,-104.964625,0.7649,88,550,640,560,660,510,620,595,610,565,25,30,24,32,24,29,8,9,28,28,27,9,1231,0,0.0165,0,0.0031,0.0904,0,0.0197,0,0,0.0204,0,0.0181,0,0.011,0.0354,0,0,0.0778,0.0118,0,0.0118,0,0.0024,0,0.0197,0,0.0684,0,0.0086,0.1619,0,0,0,0,0.0928,0,0.3145,0.0157,55476,0.4646,0.5354,0.6763,0.0266,0.0908,0.0425,0.0043,0.0014,5629,19,80208,0.021134594
127741,University of Northern Colorado,www.unco.edu,40.403178,-104.701721,0.7088,256,480,570,470,590,NULL,NULL,525,530,NULL,19,25,18,25,19,25,NULL,NULL,22,22,22,NULL,1033,0,0,0,0.0052,0.0694,0,0,0,0.0456,0,0,0.0204,0,0,0.0276,0,0,0.0219,0.0171,0,0.1607,0.0842,0.0062,0,0.0262,0,0.0647,0.0528,0,0.0685,0,0,0,0,0.059,0.1579,0.0846,0.0281,19187,0.363,0.637,0.5633,0.0412,0.1727,0.0161,0.0034,0.0023,9104,169,80639,0.187986652
129020,University of Connecticut,uconn.edu/,41.806261,-72.247969,0.4996,58,550,650,590,690,560,660,600,640,610,26,30,NULL,NULL,NULL,NULL,NULL,NULL,28,NULL,NULL,NULL,1246,0.0377,0.0167,0.0025,0.0036,0.076,0,0.0056,0,0.0193,0.0835,0,0.0103,0.0396,0,0.0421,0.0529,0,0.0843,0.0182,0,0.0167,0.0029,0.0019,0,0.0103,0,0.077,0,0.0002,0.1184,0,0,0,0,0.022,0.1235,0.1117,0.023,26966,0.5037,0.4963,0.6168,0.0509,0.0848,0.098,0.0012,0.0005,18016,187,6269,0.208008899
130794,Yale University,www.yale.edu,41.311158,-72.926688,0.063,3,710,800,700,800,710,790,755,750,750,31,35,NULL,NULL,NULL,NULL,NULL,NULL,33,NULL,NULL,NULL,1493,0,0.0141,0.0126,0.0521,0,0,0.0246,0,0,0.0573,0,0.0201,0,0,0.067,0.0156,0,0.1004,0.026,0,0.0804,0,0.0238,0,0.0417,0,0.0647,0,0,0.2626,0,0,0,0,0.064,0,0,0.0729,61620,0.5098,0.4902,0.4705,0.0678,0.11,0.1655,0.0064,0,5473,33,6520,0.036707453
130943,University of Delaware,www.udel.edu/,39.6795744,-75.7529169,0.6783,76,530,640,550,660,530,640,585,605,585,24,29,24,30,24,29,8,9,27,27,27,9,1194,0.0194,0.0186,0.0017,0.0055,0.0273,0,0.0097,0,0.0826,0.1,0.0025,0.0124,0.0181,0,0.0303,0.068,0,0.0476,0.0099,0,0.0139,0.0509,0.0027,0,0.0124,0,0.0372,0,0.0305,0.095,0,0,0,0,0.0241,0.0881,0.1697,0.0218,23357,0.4247,0.5753,0.7517,0.055,0.0721,0.0443,0.0007,0.0009,18222,226,19716,0.251390434
131113,Wilmington University,www.wilmu.edu,39.682299,-75.586998,NULL,280,NULL,NULL,NULL,NULL,NULL,NULL,NULL,NULL,NULL,NULL,NULL,NULL,NULL,NULL,NULL,NULL,NULL,NULL,NULL,NULL,NULL,NULL,0,0,0,0,0.0045,0.0123,0.0632,0,0.0827,0,0,0,0,0.0117,0,0.0878,0,0,0,0,0.1135,0.0073,0,0,0,0,0.0676,0.0727,0,0,0,0,0,0,0.0045,0.1867,0.2856,0,17043,0.3568,0.6432,0.5123,0.2437,0.0318,0.0175,0.0135,0.0029,8671,0,19720,0
131159,American University,WWW.AMERICAN.EDU,38.937802,-77.090106,0.4584,71,590,680,560,660,580,670,635,610,625,26,30,25,32,24,29,8,10,28,29,27,9,1252,0,0.013,0,0.013,0.0983,0.0096,0.0051,0,0.0062,0,0,0.0169,0,0.0237,0.0113,0.0028,0,0.0164,0.0096,0,0.0373,0,0.0119,0,0.004,0,0.0294,0.0181,0,0.4198,0,0,0,0,0.0548,0.0232,0.1588,0.0169,56620,0.3789,0.6211,0.5765,0.0644,0.1081,0.0661,0.0016,0.0006,7094,3,20016,0.003337041
131469,George Washington University,www.gwu.edu,38.89865,-77.047871,0.4379,54,590,690,610,700,610,700,640,655,655,27,31,28,33,26,31,8,9,29,31,29,9,1297,0,0.0075,0,0.0169,0.0379,0,0.0144,0,0,0.0438,0,0.0056,0,0,0.0188,0.0028,0,0.026,0.0066,0,0.0019,0.0078,0.01,0,0.0085,0,0.046,0.0197,0.005,0.2905,0,0,0,0,0.0178,0.2771,0.1174,0.0178,61394,0.442,0.558,0.5835,0.0628,0.077,0.0995,0.0015,0.0011,10433,12,20052,0.013348165
131496,Georgetown University,www.georgetown.edu,38.908809,-77.073463,0.1735,21,660,760,660,760,NULL,NULL,710,710,NULL,30,33,NULL,NULL,NULL,NULL,NULL,NULL,32,NULL,NULL,NULL,1414,0,0,0,0.0138,0,0,0.0072,0,0,0,0,0.0512,0,0,0.0518,0.0193,0,0.0595,0.0187,0,0.0551,0,0.0121,0,0.0094,0,0.0419,0,0,0.3653,0,0,0,0,0.0165,0.0953,0.1647,0.0182,62179,0.4531,0.5469,0.5813,0.0618,0.0784,0.096,0.0007,0.0004,7211,0,20057,0
131520,Howard University,www.howard.edu,38.920739,-77.019478,0.4841,145,500,610,490,610,490,600,555,550,545,21,27,21,29,20,26,NULL,NULL,24,25,23,NULL,1105,0,0,0.0115,0.0058,0.1852,0,0.0125,0,0,0.0509,0,0.0086,0.0269,0,0.025,0,0,0.0931,0.0115,0,0.0048,0.0115,0.0038,0,0.0173,0,0.095,0.0192,0,0.12,0,0,0,0,0.0298,0.1132,0.142,0.0125,41643,0.3254,0.6746,0.0144,0.9106,0.0037,0.0154,0.0115,0.0024,6961,1,20059,0.001112347
132471,Barry University,www.barry.edu,25.878865,-80.196136,0.4611,204,430,510,410,513,420,500,470,462,460,18,22,16,22,16,21,NULL,NULL,20,19,19,NULL,938,0,0,0,0,0.0375,0,0.0573,0,0.0177,0,0,0,0,0.0063,0.0083,0.0875,0,0.0677,0.0052,0,0,0.024,0.001,0.001,0.0094,0,0.0354,0,0.1385,0.0427,0,0,0,0,0.0396,0.2135,0.2063,0.001,43885,0.3856,0.6144,0.2004,0.3177,0.2867,0.0153,0.0038,0.0015,3913,0,33161,0
132657,Lynn University,www.lynn.edu,26.382777,-80.123851,0.7487,221,440,540,430,535,430,530,490,483,480,19,23,17,23,17,23,NULL,NULL,21,20,20,NULL,980,0,0,0,0,0.1197,0,0,0,0.0346,0,0,0,0,0,0.0027,0.0186,0,0.0399,0,0,0,0.0559,0,0,0,0,0.0904,0.0745,0.0213,0.0399,0,0,0,0,0.0771,0,0.4255,0,49535,0.5317,0.4683,0.4322,0.0905,0.1381,0.0136,0.0058,0.0016,1911,7,33431,0.007786429
132903,University of Central Florida,www.ucf.edu/,28.60106,-81.198805,0.4961,173,540,640,550,640,510,610,590,595,560,24,28,NULL,NULL,NULL,NULL,NULL,NULL,26,NULL,NULL,NULL,1185,0,0,0.0012,0.0005,0.0457,0,0.0219,0,0.0848,0.0612,0,0.003,0,0.0188,0.0202,0.0422,0,0.0472,0.0039,0,0.0503,0,0.0019,0,0.0042,0,0.0865,0.0386,0.0158,0.0462,0,0,0,0,0.0395,0.1414,0.2135,0.0116,19752,0.452,0.548,0.5519,0.1088,0.2303,0.0559,0.002,0.0023,52280,188,32816,0.209121246
133669,Florida Atlantic University,www.fau.edu/,26.372536,-80.102293,0.6603,213,480,570,480,570,470,560,525,525,515,21,25,20,25,19,25,7,8,23,23,22,8,1058,0,0,0.0223,0,0.0456,0,0.0169,0,0.0711,0.0449,0.0015,0.0061,0,0,0.0229,0.0866,0,0.0689,0.0061,0,0,0.0266,0.0034,0,0.0136,0,0.0706,0.0689,0.0348,0.0786,0,0,0,0,0.0277,0.0633,0.2101,0.0093,19310,0.435,0.565,0.4477,0.1965,0.2552,0.0395,0.002,0.0013,24228,19,33431,0.021134594
133881,Florida Institute of Technology,www.fit.edu,28.064503,-80.624628,0.6157,173,510,610,530,660,NULL,NULL,560,595,NULL,23,30,22,29,24,28,NULL,NULL,27,26,26,NULL,1176,0,0.0038,0,0,0.0171,0,0.0381,0,0.0038,0.4076,0.0133,0,0,0.0038,0,0.0038,0,0.0895,0.0324,0,0.0133,0.0057,0,0,0.0933,0,0.08,0,0,0,0,0,0,0.1124,0,0,0.0819,0,51312,0.7201,0.2799,0.4023,0.0582,0.0663,0.0254,0.0036,0.0045,3348,0,32901,0
133951,Florida International University,www.fiu.edu,25.757111,-80.377591,0.5278,214,500,590,490,580,490,580,545,535,535,22,26,20,26,21,26,7,8,24,23,24,8,1089,0,0.0042,0.0002,0.0036,0.0415,0,0.0244,0,0.044,0.0532,0.0063,0.0041,0,0,0.0243,0.0336,0,0.0627,0.0017,0,0.0016,0.011,0.0068,0,0.0147,0,0.1187,0.056,0.0264,0.0881,0,0,0,0,0.0207,0.0666,0.2761,0.0096,18784,0.4427,0.5573,0.0952,0.1215,0.671,0.0263,0.0007,0.0013,39102,105,33199,0.11679644
134097,Florida State University,www.fsu.edu,30.4421,-84.294801,0.5539,95,570,640,560,640,560,640,605,600,600,26,29,NULL,NULL,NULL,NULL,NULL,NULL,28,NULL,NULL,NULL,1228,0,0.008,0,0.0025,0.0351,0,0.0272,0,0.0303,0.0339,0,0.0093,0.0412,0,0.0516,0.0311,0,0.048,0.0093,0,0.0006,0.0439,0.0077,0,0.0143,0,0.0622,0.0656,0.0155,0.1775,0,0,0,0,0.0512,0.0311,0.1896,0.0134,21408,0.4513,0.5487,0.6576,0.0811,0.1797,0.0243,0.0027,0.0015,32432,406,32306,0.451612903
134130,University of Florida,www.ufl.edu/,29.649428,-82.339958,0.4561,48,580,670,590,690,580,670,625,640,625,26,31,25,32,25,30,8,9,29,29,28,9,1273,0.0566,0.0147,0.0119,0.002,0.0755,0,0.0077,0,0.0229,0.1156,0.0071,0.0243,0.0215,0,0.0248,0.0498,0,0.0972,0.0128,0,0.0146,0.0262,0.0061,0,0.0199,0,0.0495,0.0013,0,0.1243,0,0,0,0,0.0281,0.0616,0.1085,0.0152,20085,0.4502,0.5498,0.5783,0.0666,0.2003,0.0775,0.0025,0.006,31879,121,32611,0.134593993
135726,University of Miami,www.miami.edu/,25.720406,-80.27645,0.3818,48,600,690,620,730,590,690,645,675,640,28,32,28,34,27,33,8,9,30,31,30,9,1330,0,0.0144,0.0178,0.0015,0.0976,0,0.0102,0,0.0091,0.0692,0,0.0011,0.0042,0.0117,0.0132,0.0095,0,0.1483,0.0114,0,0.0015,0.0178,0.0057,0,0.0163,0,0.0666,0,0,0.1044,0,0,0,0,0.0651,0.104,0.1896,0.0098,59850,0.4901,0.5099,0.4257,0.074,0.2157,0.0573,0.0013,0.0015,10828,21,33146,0.023359288
136215,Nova Southeastern University,www.nova.edu,26.079337,-80.24248,0.4881,229,510,610,500,630,NULL,NULL,560,565,NULL,22,29,22,29,22,28,NULL,NULL,26,26,25,NULL,1143,0,0.0094,0,0,0.0145,0,0.0188,0,0.05,0,0,0,0,0.0348,0.0051,0.0123,0,0.1674,0,0,0,0.0362,0.0036,0,0,0,0.0652,0.0174,0.0014,0.0152,0,0,0,0,0.0087,0.3594,0.1797,0.0007,42261,0.3093,0.6907,0.3234,0.1814,0.3145,0.0792,0.0031,0.0004,4582,4,33314,0.004449388
138947,Clark Atlanta University,www.cau.edu,33.748772,-84.412818,0.8467,208,390,470,380,460,NULL,NULL,430,420,NULL,16,20,NULL,NULL,NULL,NULL,NULL,NULL,18,NULL,NULL,NULL,860,0,0,0,0,0.1961,0,0.0196,0,0.0436,0,0,0.0022,0,0,0.0305,0,0,0.0828,0.0044,0,0,0,0.0044,0,0.0174,0,0.1569,0.0632,0.037,0.0523,0,0,0,0,0.1046,0,0.1721,0.0131,35471,0.2474,0.7526,0.0004,0.8664,0.0035,0.0019,0.0035,0,2567,7,30314,0.007786429
139658,Emory University,www.emory.edu,33.798836,-84.325782,0.2682,21,630,710,650,750,650,730,670,700,690,29,32,28,32,28,33,8,10,31,30,31,9,1366,0,0.0112,0,0.0133,0,0,0.0047,0,0.0056,0,0,0.0155,0,0,0.0215,0.1815,0,0.1497,0.0215,0,0.0323,0,0.0142,0,0.0275,0,0.0615,0,0,0.1776,0,0,0,0,0.0245,0.0753,0.1424,0.0202,59908,0.4358,0.5642,0.4072,0.0921,0.0712,0.2072,0.0018,0.0003,7730,16,30322,0.017797553
139931,Georgia Southern University,www.georgiasouthern.edu,32.427756,-81.782201,0.631,215,520,590,510,590,480,570,555,550,525,22,25,21,25,20,25,6,8,24,23,23,7,1099,0,0,0,0,0.0474,0.002,0.038,0,0.0713,0.0383,0.036,0.0135,0.0552,0,0.0235,0.0784,0,0.0505,0.005,0,0,0.0817,0.0037,0,0.0276,0,0.0548,0.0346,0,0.0478,0,0,0,0,0.0303,0.0629,0.1823,0.0151,21932,0.4991,0.5009,0.6267,0.2614,0.0455,0.0137,0.0048,0.0012,17232,154,30460,0.171301446
139940,Georgia State University,www.gsu.edu,33.7527,-84.38667,0.5944,216,480,590,480,590,NULL,NULL,535,535,NULL,20,24,20,25,19,25,NULL,NULL,22,23,22,NULL,1055,0,0,0,0.0035,0.0563,0,0.0536,0,0.0733,0,0,0.0197,0.0015,0,0.0239,0,0,0.0677,0.0054,0,0.0077,0,0.0102,0,0.0218,0,0.0885,0.0291,0.0324,0.1151,0,0,0,0,0.0686,0.0355,0.2703,0.016,24377,0.4138,0.5862,0.2862,0.4097,0.0946,0.1171,0.0019,0.0007,24619,128,30303,0.142380423
139959,University of Georgia,www.uga.edu,33.956428,-83.374049,0.5572,62,570,660,570,670,570,660,615,620,615,26,30,26,32,25,29,7,8,28,29,27,8,1248,0.0374,0.0109,0.0064,0.0024,0.1018,0,0.0085,0,0.0576,0.0109,0,0.0333,0.038,0,0.0277,0.0008,0,0.0893,0.0103,0,0.0262,0.0333,0.0068,0,0.0121,0,0.0648,0.0088,0.0067,0.0931,0,0,0,0,0.0396,0.0387,0.2176,0.0172,21981,0.4284,0.5716,0.7228,0.075,0.0524,0.092,0.0009,0.0012,26738,199,30602,0.221357063
142276,Idaho State University,www.isu.edu/,42.864108,-112.429084,NULL,274,NULL,NULL,NULL,NULL,NULL,NULL,NULL,NULL,NULL,NULL,NULL,NULL,NULL,NULL,NULL,NULL,NULL,NULL,NULL,NULL,NULL,NULL,0,0,0,0,0.031,0.0057,0.0241,0.027,0.0908,0.0264,0.0678,0.023,0,0.004,0.0161,0.0643,0,0.0442,0.0069,0,0.0075,0,0.0034,0,0.0172,0,0.0333,0.0178,0.0184,0.0345,0.0023,0.0362,0.0126,0,0.0126,0.2648,0.0988,0.0092,19089,0.5005,0.4995,0.6851,0.0121,0.0962,0.0117,0.0126,0.0021,9370,7,83209,0.007786429
142285,University of Idaho,www.uidaho.edu,46.726894,-117.024296,0.6748,166,450,580,460,590,NULL,NULL,515,525,NULL,20,27,20,27,19,27,NULL,NULL,24,24,23,NULL,1057,0.0547,0.0731,0.0266,0.0005,0.0595,0,0.0164,0,0.0581,0.1069,0.0068,0.0135,0.045,0,0.0208,0.045,0,0.0402,0.0131,0,0.015,0.0276,0.0068,0,0.0266,0,0.0706,0,0,0.0934,0,0,0,0,0.0392,0.0034,0.1209,0.0164,19381,0.5396,0.4604,0.7725,0.0132,0.091,0.0131,0.008,0.0026,8162,52,83844,0.057842047
144050,University of Chicago,WWW.UCHICAGO.EDU,41.78917,-87.601196,0.0876,4,720,800,715,800,710,780,760,758,745,32,35,33,35,31,35,NULL,NULL,34,34,33,NULL,1505,0,0.0058,0,0.0043,0,0,0.013,0,0,0,0,0.0534,0,0,0.0477,0.0079,0,0.1329,0.0838,0,0.0007,0,0.0347,0.0022,0.0888,0,0.0563,0,0.0404,0.3502,0,0,0,0,0.0296,0,0,0.0484,64988,0.5273,0.4727,0.4491,0.0475,0.0861,0.1714,0.0019,0.0005,5729,1,60637,0.001112347
144740,DePaul University,www.depaul.edu,41.923332,-87.654116,0.6988,121,NULL,NULL,NULL,NULL,NULL,NULL,NULL,NULL,NULL,NULL,NULL,NULL,NULL,NULL,NULL,NULL,NULL,NULL,NULL,NULL,NULL,NULL,0,0.0095,0.0029,0.0074,0.1367,0.0132,0.0519,0,0.0379,0,0,0.0077,0,0,0.0302,0.1134,0,0.0196,0.0082,0,0.0053,0,0.0098,0,0.0061,0,0.0715,0,0.0013,0.0959,0,0,0,0,0.0617,0.0207,0.2797,0.0093,48173,0.4667,0.5333,0.5518,0.0832,0.1756,0.0778,0.0008,0.0017,15858,25,60604,0.027808676
145619,Benedictine University,www.ben.edu,41.776395,-88.095948,0.7717,205,NULL,NULL,NULL,NULL,NULL,NULL,NULL,NULL,NULL,19,25,18,26,19,25,7,8,22,22,22,8,1030,0,0.0074,0,0,0.0296,0,0.0074,0,0.0359,0,0,0.0021,0.0349,0,0.0032,0.0011,0,0.0698,0.0074,0,0,0,0.0011,0,0.0063,0,0.0835,0.0106,0,0.0634,0,0,0,0,0.0106,0.2548,0.3679,0.0032,35143,0.4144,0.5856,0.4557,0.0944,0.1053,0.1501,0.0024,0.0021,3750,12,60532,0.013348165
145725,Illinois Institute of Technology,www.iit.edu,41.833801,-87.628346,0.506,116,520,640,640,740,NULL,NULL,580,690,NULL,25,31,25,32,27,32,NULL,NULL,28,29,30,NULL,1266,0,0,0.1721,0,0.0102,0,0.0971,0,0,0.5111,0.029,0,0,0,0,0.0034,0,0.0358,0.0136,0,0,0,0,0,0.0375,0,0.0307,0,0,0.0119,0,0,0,0,0,0,0.0477,0,51572,0.694,0.306,0.3326,0.0607,0.1402,0.1129,0.0033,0.0026,3046,2,60616,0.002224694
145813,Illinois State University,illinoisstate.edu/,40.509724,-88.99234,0.7388,142,NULL,NULL,NULL,NULL,NULL,NULL,NULL,NULL,NULL,22,26,21,26,20,26,NULL,NULL,24,24,23,NULL,1110,0.032,0,0,0,0.0693,0.0019,0.0274,0,0.1405,0,0.0181,0.01,0.0401,0,0.0373,0.0329,0,0.035,0.0165,0,0,0.0376,0.003,0,0.0146,0,0.039,0.0359,0.0111,0.0559,0,0,0,0,0.0459,0.0895,0.1806,0.026,26259,0.4495,0.5505,0.7817,0.0738,0.0879,0.0217,0.0012,0.0009,18056,203,61790,0.225806452
146719,Loyola University Chicago,www.luc.edu,41.999161,-87.657399,0.6334,106,520,630,530,630,520,620,575,580,570,25,29,25,31,24,28,8,9,27,28,26,9,1212,0,0.0144,0,0.0013,0.0805,0,0.0114,0,0.0216,0,0,0.0093,0,0.0292,0.0365,0,0,0.1513,0.0093,0,0.0008,0,0.011,0.0017,0.0136,0,0.1102,0.0322,0.0203,0.0877,0,0,0,0,0.0259,0.1382,0.1632,0.0301,48958,0.3528,0.6472,0.6028,0.0376,0.132,0.1105,0.001,0.0021,10042,2,60660,0.002224694
147703,Northern Illinois University,www.niu.edu,41.933791,-88.766065,0.5089,194,450,550,480,580,430,550,500,530,490,19,25,19,25,18,25,6,8,22,22,22,7,1030,0,0.006,0,0,0.0824,0,0.0174,0,0.0639,0.0435,0.0177,0.012,0.0476,0,0.0259,0.0305,0,0.0272,0.015,0,0.0011,0.021,0.0044,0,0.0259,0,0.0607,0,0.0027,0.0914,0,0,0,0,0.0503,0.1712,0.1671,0.0152,27959,0.5074,0.4926,0.5811,0.163,0.1442,0.0492,0.0015,0.0011,15391,101,60115,0.112347052
147767,Northwestern University,www.northwestern.edu,42.058377,-87.673653,0.1311,13,690,770,700,790,690,770,730,745,730,31,34,NULL,NULL,30,35,8,10,33,NULL,33,9,1461,0,0.0066,0.0027,0.0074,0.183,0,0.0164,0,0.0059,0.1455,0,0.0145,0,0,0.0184,0.0004,0,0.0637,0.0301,0,0.009,0,0.0102,0,0.018,0,0.079,0,0.0458,0.1643,0,0,0,0,0.0876,0.0156,0.052,0.0239,63028,0.4955,0.5045,0.5263,0.0579,0.1084,0.1693,0.0005,0,8725,1,60208,0.001112347
150136,Ball State University,www.bsu.edu,40.198942,-85.408863,0.5988,173,500,600,500,590,480,580,550,545,530,20,24,19,24,18,24,NULL,NULL,22,22,21,NULL,1066,0,0.0074,0.0326,0.0009,0.1211,0,0.013,0,0.1143,0.0003,0.0264,0.0133,0.0516,0.006,0.0187,0.0922,0,0.0269,0.004,0,0,0.013,0.0034,0,0.0094,0,0.0417,0.0363,0.0204,0.0357,0,0,0,0,0.0613,0.0925,0.1435,0.0142,21807,0.4162,0.5838,0.8189,0.074,0.0382,0.0101,0.0007,0.0011,15895,177,47306,0.196885428
151324,Indiana State University,www.indstate.edu,39.46873,-87.407085,0.8254,217,410,510,400,510,390,480,460,455,435,16,22,15,22,16,23,6,8,19,19,20,7,913,0,0,0.0006,0.0013,0.0482,0,0.0321,0,0.0944,0,0.0623,0.0116,0.0385,0,0.018,0.0064,0,0.0148,0.0135,0,0.0013,0.0552,0.0026,0,0.0154,0,0.0379,0,0.0141,0.1118,0,0,0,0.0308,0.0379,0.1676,0.1689,0.0148,19897,0.4619,0.5381,0.6637,0.1881,0.0321,0.012,0.0033,0.0008,10497,96,47809,0.106785317
152080,University of Notre Dame,www.nd.edu,41.703058,-86.238959,0.2114,16,660,750,680,770,NULL,NULL,705,725,NULL,32,34,NULL,NULL,NULL,NULL,NULL,NULL,33,NULL,NULL,NULL,1450,0,0.009,0.0228,0.0076,0,0,0.0209,0,0.0005,0.1277,0,0.0171,0,0,0.028,0.0157,0,0.0603,0.0199,0,0.0423,0,0.0109,0.009,0.0214,0,0.0465,0,0,0.1382,0,0,0,0,0.0404,0.0427,0.2968,0.0223,60117,0.5225,0.4775,0.7067,0.0368,0.1045,0.0571,0.002,0.0005,8427,39,46556,0.043381535
153603,Iowa State University,www.iastate.edu,42.026368,-93.648353,0.8691,106,460,630,530,680,NULL,NULL,545,605,NULL,21,29,20,29,21,29,NULL,NULL,25,25,25,NULL,1145,0.114,0.0104,0.0247,0.0007,0.0444,0,0.0085,0,0.0418,0.2082,0.0078,0.008,0.0451,0,0.0128,0.0184,0,0.055,0.0137,0,0.0197,0.0375,0.0024,0,0.013,0,0.0292,0,0.0009,0.0243,0,0,0,0,0.0461,0.0186,0.1792,0.0154,18828,0.5657,0.4343,0.765,0.0259,0.0449,0.0279,0.0023,0.0009,28336,294,50011,0.327030033
153658,University of Iowa,www.uiowa.edu,41.660695,-91.535698,0.8095,71,460,620,540,700,NULL,NULL,540,620,NULL,23,28,22,28,22,28,NULL,NULL,26,25,25,NULL,1164,0,0.0056,0,0.0048,0.0745,0,0.0158,0,0.0283,0.0706,0,0.0237,0,0,0.0435,0.0431,0,0.0306,0.0279,0,0.0275,0.1131,0.0085,0,0.015,0,0.0602,0,0.0112,0.0804,0,0,0,0,0.0516,0.0802,0.1693,0.0146,20691,0.4806,0.5194,0.6823,0.0296,0.0647,0.0311,0.0015,0.001,21486,109,52242,0.121245829
155317,University of Kansas,www.ku.edu,38.958551,-95.247618,0.9142,106,NULL,NULL,NULL,NULL,NULL,NULL,NULL,NULL,NULL,22,28,22,29,21,28,NULL,NULL,25,26,25,NULL,1145,0,0.0137,0.0059,0.008,0.0988,0,0.0059,0,0.0385,0.0841,0,0.0263,0,0,0.0244,0.0241,0,0.0534,0.0154,0,0.0422,0.0351,0.0029,0,0.0151,0,0.0568,0,0.0219,0.0717,0,0,0,0,0.07,0.1207,0.1502,0.0149,23049,0.5012,0.4988,0.7349,0.047,0.0686,0.0416,0.0045,0.001,18802,162,66045,0.180200222
155399,Kansas State University,www.k-state.edu,39.188616,-96.581077,0.9493,142,NULL,NULL,NULL,NULL,NULL,NULL,NULL,NULL,NULL,NULL,NULL,NULL,NULL,NULL,NULL,NULL,NULL,NULL,NULL,NULL,NULL,NULL,0.1195,0.0062,0.0003,0.0023,0.038,0,0.0108,0,0.0738,0.1103,0.0249,0.0064,0.0776,0,0.0077,0.0036,0,0.0301,0.0075,0,0.0213,0.0391,0.001,0,0.0087,0,0.0262,0,0.0116,0.093,0,0.0075,0,0.01,0.0344,0.0386,0.1796,0.01,20722,0.5222,0.4778,0.7783,0.0393,0.061,0.0129,0.0035,0.0013,19727,99,66506,0.110122358
156125,Wichita State University,www.wichita.edu,37.716484,-97.296733,0.9553,267,NULL,NULL,NULL,NULL,NULL,NULL,NULL,NULL,NULL,NULL,NULL,NULL,NULL,NULL,NULL,NULL,NULL,NULL,NULL,NULL,NULL,NULL,0,0,0,0.0027,0.0334,0,0,0,0.0911,0.1099,0,0.0064,0,0,0.0133,0.0962,0,0.0215,0.0087,0,0,0.0513,0.0027,0,0.0234,0,0.0495,0.0412,0.0348,0.0247,0,0,0,0,0.0517,0.1639,0.1612,0.0124,15367,0.4772,0.5228,0.6351,0.0605,0.1,0.0698,0.0089,0.0011,11297,24,67260,0.026696329
157085,University of Kentucky,www.uky.edu,38.035818,-84.505653,0.7221,129,490,620,510,640,480,610,555,575,545,22,28,22,30,22,28,7,8,25,26,25,8,1142,0.0726,0.0093,0.0158,0.0013,0.0923,0,0.0158,0,0.1094,0.0971,0,0.0195,0.0543,0,0.0248,0,0,0.0493,0.0145,0,0.02,0,0.0045,0,0.0133,0,0.0563,0,0.014,0.0576,0,0,0,0,0.0235,0.0686,0.1542,0.0123,23162,0.4798,0.5202,0.7681,0.0768,0.0382,0.0254,0.0017,0.0012,21725,121,40506,0.134593993
157289,University of Louisville,www.louisville.edu,38.215752,-85.758843,0.7386,161,500,620,510,630,NULL,NULL,560,570,NULL,22,28,22,30,21,28,NULL,NULL,25,26,25,NULL,1144,0,0,0,0.008,0.0803,0,0,0,0.0824,0.0939,0,0.0108,0,0.0066,0.0316,0.0097,0,0.0455,0.0101,0,0.0024,0.1071,0.0042,0,0.0132,0,0.0682,0.0577,0.0191,0.0643,0,0,0,0,0.0396,0.0876,0.1391,0.0184,22389,0.4893,0.5107,0.763,0.1097,0.0396,0.0323,0.0013,0.0007,15038,12,40292,0.013348165
157757,Spalding University,www.spalding.edu,38.2415,-85.758851,0.4571,181,460,520,400,480,NULL,NULL,490,440,NULL,18,23,18,23,17,23,NULL,NULL,21,21,20,NULL,967,0,0,0,0,0.0569,0,0,0,0.0528,0,0,0,0,0,0.0081,0.0041,0,0,0,0,0.0122,0,0,0,0,0,0.1748,0,0.0894,0.0244,0,0,0,0,0,0.3984,0.1789,0,32509,0.3007,0.6993,0.665,0.2127,0.0416,0.0114,0.0024,0.0024,1227,0,40203,0
159647,Louisiana Tech University,www.latech.edu,32.525518,-92.64964,0.6503,201,470,570,500,600,NULL,NULL,520,550,NULL,21,27,21,28,20,26,NULL,NULL,24,25,23,NULL,1104,0.0283,0.021,0.0254,0,0.0167,0,0.0181,0,0.0544,0.1357,0.0377,0.0029,0.0341,0,0.0138,0.1016,0,0.0479,0.0131,0,0,0.037,0,0,0.0131,0,0.0377,0,0,0.0479,0,0,0,0.0269,0.0269,0.09,0.1582,0.0116,17862,0.5732,0.4268,0.705,0.1432,0.0122,0.0099,0.0044,0.0014,7272,20,71272,0.022246941
159939,University of New Orleans,www.uno.edu,30.028539,-90.068506,0.4357,255,500,630,500,670,NULL,NULL,565,585,NULL,21,25,21,26,20,25,NULL,NULL,23,24,23,NULL,1082,0,0,0,0.0014,0,0,0.0119,0,0.0476,0.0986,0,0.0077,0,0,0.0336,0.0014,0,0.0776,0.0049,0,0.1091,0,0.0042,0,0.0329,0,0.0755,0,0,0.0615,0,0,0,0,0.0874,0,0.3126,0.0322,16889,0.4982,0.5018,0.5531,0.1593,0.1023,0.0837,0.0039,0.0004,6742,5,70148,0.005561735
161253,University of Maine,www.umaine.edu/,44.895129,-68.67358,0.8257,173,480,590,480,600,460,570,535,540,515,21,27,NULL,NULL,NULL,NULL,NULL,NULL,24,NULL,NULL,NULL,1078,0.0422,0.0266,0,0.0006,0.0455,0.0162,0.0084,0,0.1052,0.1162,0.0617,0.0078,0.0299,0,0.0266,0.0091,0,0.061,0.011,0,0.0156,0.0071,0.0032,0,0.013,0,0.0695,0,0.0253,0.0799,0,0,0,0,0.0175,0.0695,0.1175,0.0136,22193,0.5255,0.4745,0.8176,0.0223,0.0249,0.0147,0.0111,0.0001,8682,7,4469,0.007786429
162007,Bowie State University,www.bowiestate.edu,39.018185,-76.759721,0.5506,206,410,480,400,460,390,460,445,430,425,15,18,14,17,15,17,6,8,17,16,16,7,867,0,0,0,0,0,0.1161,0.0418,0,0.0432,0,0,0,0.0513,0,0.0121,0,0,0.0621,0.004,0,0,0.0094,0,0,0,0,0.1012,0.0621,0.0337,0.0769,0,0,0,0,0.0297,0.1134,0.2024,0.0405,19456,0.3858,0.6142,0.0239,0.8732,0.0268,0.0134,0.0009,0.0018,4401,1,20715,0.001112347
162928,Johns Hopkins University,www.jhu.edu,39.32838,-76.620799,0.1608,12,670,740,690,770,670,760,705,730,715,31,34,31,35,30,35,8,10,33,33,33,9,1439,0,0.0107,0,0.0042,0,0.0054,0.0161,0,0.0054,0.1778,0,0.0071,0,0,0.0422,0,0,0.1314,0.0291,0,0.0357,0,0.0048,0,0.0232,0,0.0309,0,0,0.1338,0,0,0,0,0.047,0.2283,0.0535,0.0137,61481,0.4913,0.5087,0.4516,0.0533,0.1177,0.204,0.0008,0.0007,6039,6,21218,0.006674082
163453,Morgan State University,www.morgan.edu,39.344235,-76.584238,0.6525,224,400,480,400,480,NULL,NULL,440,440,NULL,16,19,14,19,16,18,NULL,NULL,18,17,17,NULL,874,0,0,0.0369,0,0.0922,0.0065,0.026,0,0.0727,0.103,0,0,0.0542,0,0.0195,0,0,0.0597,0.0033,0,0,0,0.0043,0,0.0087,0,0.0759,0,0.0423,0.0835,0,0,0,0,0.0293,0.0781,0.1931,0.0108,21666,0.4486,0.5514,0.0204,0.8473,0.0332,0.0112,0.0026,0.001,6239,1,21251,0.001112347
164924,Boston College,www.bc.edu,42.337688,-71.171488,0.3391,31,630,720,640,740,640,730,675,690,685,30,33,30,34,28,33,8,10,32,32,31,9,1380,0,0.0073,0,0.0004,0.088,0,0.0214,0,0.0282,0,0,0.009,0,0,0.0594,0,0,0.1,0.0128,0,0.0248,0,0.0201,0.0073,0.0162,0,0.1328,0,0,0.176,0,0,0,0,0.0222,0.0384,0.1969,0.0389,60690,0.4633,0.5367,0.6075,0.0401,0.1014,0.0952,0.0006,0.0001,9483,5,2467,0.005561735
164988,Boston University,www.bu.edu,42.349581,-71.09984,0.3451,42,570,680,620,730,600,690,625,675,645,27,31,27,33,26,31,8,9,29,30,29,9,1300,0,0,0.0023,0.0013,0.1471,0,0.023,0,0.0213,0.075,0.0025,0.0113,0,0,0.0215,0,0,0.0863,0.0096,0,0.0213,0,0.0096,0,0.0165,0,0.0548,0.0023,0.0094,0.1369,0,0,0,0,0.0385,0.0815,0.2159,0.0121,61396,0.391,0.609,0.4564,0.0342,0.0971,0.1341,0.0007,0.001,16457,24,2215,0.026696329
165015,Brandeis University,www.brandeis.edu/,42.364947,-71.254716,0.3522,35,590,710,660,770,640,710,650,715,675,29,33,29,34,28,33,8,10,31,32,31,9,1369,0,0.018,0,0.0852,0,0,0.0288,0,0.0072,0,0,0.0216,0,0,0.0276,0,0,0.1705,0.0168,0,0.0552,0,0.0264,0,0.0228,0,0.078,0,0.078,0.2161,0,0,0,0,0.0672,0,0.0384,0.042,61023,0.4293,0.5707,0.4853,0.0501,0.0686,0.1281,0.0005,0,3715,0,2454,0
165334,Clark University,www.clarku.edu,42.251064,-71.823537,0.5403,76,NULL,NULL,NULL,NULL,NULL,NULL,NULL,NULL,NULL,NULL,NULL,NULL,NULL,NULL,NULL,NULL,NULL,NULL,NULL,NULL,NULL,NULL,0,0.0394,0,0.0075,0.0338,0,0.0188,0,0,0,0,0.0169,0,0,0.0432,0.0019,0,0.1163,0.0188,0,0.0188,0,0.0056,0,0.0413,0,0.1651,0,0.0019,0.2627,0,0,0,0,0.075,0,0.0788,0.0544,48366,0.4118,0.5882,0.6007,0.038,0.0598,0.0674,0.0004,0.0009,2239,0,1610,0
166027,Harvard University,www.harvard.edu,42.374429,-71.118177,0.0596,2,700,800,710,800,720,800,750,755,760,32,35,33,35,32,35,8,10,34,34,34,9,1501,0,0.0071,0,0.0274,0,0,0.0482,0,0,0.0416,0,0.029,0,0,0.0274,0.023,0,0.1346,0.0712,0,0.0175,0,0.0159,0,0.0504,0,0.0487,0,0,0.3481,0,0,0,0,0.0274,0,0,0.0826,59950,0.5246,0.4754,0.4527,0.0681,0.0984,0.1801,0.0022,0.0006,7236,0,2138,0
166683,Massachusetts Institute of Technology,web.mit.edu/student/,42.360095,-71.092115,0.0788,7,680,770,740,800,690,780,725,770,735,33,35,33,35,34,36,8,10,34,34,35,9,1500,0,0,0.016,0,0.0019,0,0.2274,0,0,0.3877,0,0.0075,0,0,0.0019,0.0047,0,0.1019,0.0708,0,0.0368,0,0.0009,0,0.0849,0,0,0,0,0.0236,0,0,0,0,0.0019,0,0.0321,0,59020,0.5424,0.4576,0.3677,0.0561,0.1613,0.246,0.0018,0,4476,1,2139,0.001112347
167358,Northeastern University,www.northeastern.edu,42.339992,-71.088782,0.3222,42,660,740,680,760,640,730,700,720,685,31,33,30,34,29,34,NULL,NULL,32,32,32,NULL,1420,0,0.0139,0.0153,0.0009,0.0613,0,0.0292,0,0,0.1491,0.0003,0.0053,0,0,0.0147,0.0009,0,0.0769,0.0083,0,0,0,0.0035,0,0.013,0,0.0477,0.0283,0.0121,0.1144,0,0,0,0,0.0448,0.1424,0.2116,0.0062,57981,0.495,0.505,0.4913,0.0336,0.0675,0.1092,0.0004,0.0002,13492,154,2115,0.171301446
168148,Tufts University,www.tufts.edu,42.406994,-71.121689,0.1724,27,680,760,680,760,690,760,720,720,725,30,33,NULL,NULL,NULL,NULL,NULL,NULL,32,NULL,NULL,NULL,1423,0,0.0022,0.0065,0.0266,0,0,0.031,0,0,0.1109,0,0.0281,0.0295,0,0.0396,0,0,0.0835,0.0166,0,0.0742,0,0.0194,0,0.023,0,0.0871,0,0,0.3276,0,0,0,0,0.0799,0,0,0.0144,61000,0.4956,0.5044,0.575,0.0402,0.0671,0.1102,0.0004,0.0002,5143,1,2155,0.001112347
168421,Worcester Polytechnic Institute,www.wpi.edu,42.275067,-71.808792,0.4378,68,NULL,NULL,NULL,NULL,NULL,NULL,NULL,NULL,NULL,NULL,NULL,NULL,NULL,NULL,NULL,NULL,NULL,NULL,NULL,NULL,NULL,NULL,0,0,0,0,0,0,0.0544,0,0,0.7225,0,0,0,0,0,0.0023,0,0.0804,0.034,0,0.0294,0,0,0,0.0238,0,0.0023,0,0,0.0045,0,0,0,0,0,0,0.0464,0,57637,0.6772,0.3228,0.6216,0.0235,0.0791,0.0473,0.001,0,4123,0,1609,0
168740,Andrews University,www.andrews.edu,41.962914,-86.356866,0.3688,168,460,620,470,600,450,590,540,535,520,20,27,18,26,20,29,6,8,24,22,25,7,1081,0.0303,0,0.0278,0,0.0202,0,0.0101,0,0.0429,0.0328,0.0076,0.0581,0.048,0,0.0177,0.053,0,0.101,0.0051,0,0.0202,0.0101,0.0278,0.0303,0.0051,0,0.0556,0,0.0455,0.0152,0,0,0,0.0152,0.0581,0.149,0.1086,0.0051,35017,0.4383,0.5617,0.2732,0.2063,0.1332,0.1357,0.0018,0.0037,1629,2,49104,0.002224694
169248,Central Michigan University,www.cmich.edu,43.591137,-84.775275,0.6927,194,450,588,470,593,NULL,NULL,519,532,NULL,20,25,20,25,18,25,NULL,NULL,23,23,22,NULL,1050,0,0.0142,0,0,0.0763,0,0.0181,0,0.1111,0.0071,0.0194,0.0042,0.0368,0.0034,0.0189,0,0,0.0557,0.0064,0,0.0015,0.0988,0.0025,0,0.012,0,0.0672,0,0.0559,0.0625,0,0,0,0,0.0277,0.0723,0.2168,0.0113,21828,0.4382,0.5618,0.7954,0.0783,0.033,0.0095,0.0067,0.0006,20297,172,48859,0.191323693
171100,Michigan State University,www.msu.edu,42.73212,-84.476111,0.6609,85,430,580,540,690,460,570,505,615,515,23,28,23,29,23,28,8,9,26,26,26,9,1158,0.0479,0.0147,0.0052,0.0002,0.1093,0.0014,0.0099,0,0.0304,0.0613,0.0228,0.0135,0.0175,0.0102,0.0201,0.0045,0,0.1002,0.012,0,0.0178,0.0342,0.0017,0,0.0162,0,0.0462,0.0226,0.0114,0.1104,0.0009,0,0,0,0.0252,0.0518,0.1709,0.0097,24323,0.4975,0.5025,0.6813,0.0675,0.0384,0.0434,0.0021,0.0008,38395,899,48824,1
171128,Michigan Technological University,www.mtu.edu,47.1183,-88.546403,0.755,116,530,673,570,680,498,633,602,625,566,25,30,23,30,25,30,NULL,NULL,28,27,28,NULL,1244,0,0.0328,0,0,0.0227,0.0082,0.0628,0,0.0082,0.5823,0.0373,0.0055,0,0,0.0055,0.0009,0,0.0428,0.0118,0,0.0118,0.0246,0,0,0.0255,0,0.0136,0,0,0.0164,0,0,0,0,0.0018,0.0118,0.071,0.0027,25360,0.7477,0.2523,0.8538,0.0129,0.0178,0.0099,0.0056,0.0013,5576,14,49931,0.015572859
171571,Oakland University,www.oakland.edu,42.67449,-83.220523,0.67,230,NULL,NULL,NULL,NULL,NULL,NULL,NULL,NULL,NULL,20,26,20,26,19,26,NULL,NULL,23,23,23,NULL,1070,0,0.0075,0,0.0025,0.0866,0,0.0185,0,0.0678,0.043,0,0.017,0,0.0018,0.0398,0.033,0,0.0618,0.0032,0,0,0,0.0025,0,0.0067,0,0.0643,0.0057,0.0376,0.055,0,0,0,0,0.0302,0.2403,0.1558,0.0195,19385,0.418,0.582,0.7533,0.081,0.0299,0.0428,0.0036,0.001,16528,62,48309,0.068965517
172644,Wayne State University,www.wayne.edu,42.35861,-83.072864,0.7733,266,NULL,NULL,NULL,NULL,NULL,NULL,NULL,NULL,NULL,20,26,20,26,18,26,NULL,NULL,23,23,22,NULL,1070,0,0.0049,0,0.0062,0.0518,0,0.0151,0.0079,0.0692,0.0417,0.0102,0.0138,0.0285,0,0.0154,0,0,0.062,0.0059,0,0.0066,0,0.0033,0,0.0298,0,0.1387,0.0469,0.0397,0.0685,0,0,0,0,0.0738,0.0827,0.1646,0.0128,21021,0.4466,0.5534,0.5501,0.2072,0.0429,0.0784,0.0032,0.0014,17242,11,48202,0.012235818
172699,Western Michigan University,www.wmich.edu,42.282589,-85.61512,0.8406,173,NULL,NULL,NULL,NULL,NULL,NULL,NULL,NULL,NULL,19,25,18,25,19,25,NULL,NULL,22,22,22,NULL,1030,0,0.0034,0.0005,0.001,0.0505,0,0.018,0,0.0921,0.0617,0.0112,0.0112,0.0298,0,0.0191,0,0,0.0374,0.0042,0,0.0748,0.0264,0.0034,0,0.0071,0,0.0552,0.0293,0.0149,0.0319,0,0.0071,0,0.0259,0.0591,0.1072,0.2087,0.0086,22013,0.5023,0.4977,0.732,0.1204,0.051,0.0158,0.0043,0.0012,18450,199,49008,0.221357063
175856,Jackson State University,www.jsums.edu,32.296781,-90.20663,0.7047,219,410,520,400,520,NULL,NULL,465,460,NULL,17,21,16,22,16,20,NULL,NULL,19,19,18,NULL,911,0,0,0,0,0.0302,0,0.0183,0,0.2022,0.0494,0.0274,0.0009,0,0,0.022,0,0,0.0805,0.0027,0,0.0924,0,0,0,0.0311,0,0.054,0.0659,0.0704,0.0421,0,0,0,0,0.022,0.0567,0.1226,0.0091,19803,0.3725,0.6275,0.0415,0.9158,0.0036,0.0031,0.005,0,7160,16,39217,0.017797553
176017,University of Mississippi,www.olemiss.edu,34.362144,-89.539377,0.8122,149,480,590,490,590,NULL,NULL,535,540,NULL,21,27,21,30,20,27,NULL,NULL,24,26,24,NULL,1098,0,0,0,0.0032,0.0457,0,0.0047,0,0.0769,0.0406,0,0.0106,0,0.0056,0.0283,0.0524,0,0.0477,0.0047,0,0,0.0439,0.0021,0,0.0097,0,0.0501,0.0365,0.0454,0.0389,0,0,0,0,0.0236,0.1776,0.2324,0.0194,22444,0.438,0.562,0.7735,0.1454,0.0284,0.0157,0.0029,0.0011,17809,50,38677,0.055617353
176080,Mississippi State University,www.msstate.edu,33.454809,-88.788979,0.7102,156,490,630,500,640,NULL,NULL,560,570,NULL,21,28,21,30,15,27,NULL,NULL,25,26,21,NULL,1126,0.0513,0.0212,0.0178,0,0.0439,0,0.0104,0,0.1803,0.1287,0.0181,0.0071,0.0163,0,0.012,0.0028,0,0.0584,0.0037,0,0.0547,0,0.004,0,0.0313,0,0.055,0,0.0108,0.0464,0,0,0,0,0.0197,0.0074,0.1871,0.0117,21581,0.5144,0.4856,0.7217,0.2012,0.022,0.0121,0.0051,0.0007,15800,107,39762,0.119021135
176372,University of Southern Mississippi,www.usm.edu,31.327499,-89.33791,0.6674,259,450,560,460,555,NULL,NULL,505,508,NULL,19,25,17,24,19,27,NULL,NULL,22,21,23,NULL,1029,0,0,0.0033,0.0016,0.0462,0,0.0209,0,0.1117,0,0.0311,0.0074,0.0266,0.0082,0.0237,0,0.0029,0.0573,0.0078,0,0.0389,0.0372,0.002,0,0.0151,0,0.0683,0.0499,0.0262,0.0348,0,0,0,0,0.0495,0.1382,0.1681,0.0233,19493,0.3629,0.6371,0.6135,0.3061,0.0335,0.0121,0.0034,0.0012,11939,13,39406,0.014460512
179159,Saint Louis University,www.slu.edu,38.636516,-90.23343,0.6108,99,530,650,560,670,NULL,NULL,590,615,NULL,25,30,25,32,24,29,NULL,NULL,28,29,27,NULL,1239,0,0.0047,0,0.0021,0.0399,0,0.0131,0,0.0263,0.0652,0,0.0116,0,0,0.0158,0.0079,0,0.0762,0.0068,0,0,0.0489,0.0047,0.0053,0.0163,0,0.052,0.0126,0.0152,0.0389,0,0,0,0.0079,0.0116,0.2706,0.238,0.0084,52310,0.4097,0.5903,0.6652,0.0697,0.0404,0.0828,0.0006,0,7822,4,63103,0.004449388
180461,Montana State University,www.montana.edu/,45.666829,-111.049918,0.8385,223,510,630,500,630,480,610,570,565,545,21,28,20,28,21,27,NULL,NULL,25,24,24,NULL,1128,0.0441,0.0164,0.0212,0,0,0,0.0177,0,0.064,0.1324,0.0407,0.0134,0.0857,0,0.0268,0.0355,0,0.0822,0.0104,0,0,0,0.0009,0,0.0355,0,0.0299,0,0,0.0511,0.0004,0,0.0069,0.0056,0.0697,0.0987,0.0965,0.0143,18886,0.5433,0.4567,0.8506,0.0066,0.0323,0.0091,0.0128,0.0013,13117,235,59717,0.261401557
182670,Dartmouth College,www.dartmouth.edu,43.70408,-72.289951,0.115,11,680,780,680,770,690,790,730,725,740,30,34,NULL,NULL,NULL,NULL,NULL,NULL,32,NULL,NULL,NULL,1444,0,0.0332,0,0.0296,0,0,0.0385,0,0,0.0923,0,0.043,0,0,0.0448,0.0009,0,0.1138,0.0314,0,0.0188,0,0.0161,0,0.0367,0,0.0627,0,0,0.3297,0,0,0,0,0.0439,0,0,0.0645,63279,0.5067,0.4933,0.4804,0.0679,0.0815,0.1405,0.0217,0.0012,4184,83,3755,0.092324805
185828,New Jersey Institute of Technology,www.njit.edu/,40.741997,-74.177113,0.6339,149,490,610,560,670,480,610,550,615,545,23,29,21,29,24,30,NULL,NULL,26,25,27,NULL,1168,0,0.0036,0.1055,0,0,0.0071,0.1448,0,0,0.4102,0.143,0,0,0.0027,0.0089,0,0,0.0492,0.0197,0,0.0054,0,0,0,0.0134,0,0,0,0,0,0,0,0,0,0.017,0,0.0661,0.0036,28225,0.7913,0.2087,0.3284,0.092,0.207,0.223,0.0003,0.0004,6748,4,7102,0.004449388
186131,Princeton University,www.princeton.edu,40.34853,-74.663603,0.0744,1,690,800,710,800,700,800,745,755,750,31,35,32,35,30,35,8,10,33,34,33,9,1491,0,0,0.0118,0.0205,0,0,0,0,0,0.1965,0,0.0418,0,0,0.0395,0,0,0.1034,0.0276,0,0.0039,0,0.0316,0,0.0639,0,0.0537,0,0.0679,0.2557,0,0,0,0,0.0245,0,0,0.0576,57400,0.5112,0.4888,0.4597,0.0772,0.0837,0.2086,0.0011,0.0011,5258,8,8544,0.008898776
186584,Seton Hall University,www.shu.edu,40.742859,-74.248753,0.7554,126,510,600,530,620,500,610,555,575,555,23,27,22,27,22,28,NULL,NULL,25,25,25,NULL,1133,0,0.0068,0,0.0034,0.078,0,0,0,0.0628,0,0,0.0042,0,0,0.0229,0.0729,0,0.0865,0.0068,0,0,0.0263,0.0034,0.0093,0.0204,0,0.028,0.0433,0.0144,0.1154,0,0,0,0,0.0221,0.1942,0.1612,0.0178,48457,0.4199,0.5801,0.5031,0.1162,0.182,0.0906,0.0011,0.0025,5609,4,7079,0.004449388
186867,Stevens Institute of Technology,www.stevens.edu,40.744776,-74.025334,0.4378,76,595,680,660,745,550,670,638,703,610,29,32,27,34,28,33,NULL,NULL,31,31,31,NULL,1346,0,0,0,0,0,0,0.0667,0,0,0.6757,0.0505,0,0,0,0.0018,0.0018,0,0.0396,0.018,0,0,0,0,0,0.0144,0,0,0,0,0.0018,0,0,0,0,0.036,0,0.0937,0,59384,0.7097,0.2903,0.6397,0.0236,0.0922,0.0975,0.0011,0,2842,4,7030,0.004449388
188429,Adelphi University,www.adelphi.edu/,40.721439,-73.653321,0.7242,149,500,600,510,620,510,610,550,565,560,19,24,21,27,22,26,8,9,22,24,24,9,1092,0,0.0082,0,0,0.0387,0,0.0124,0,0.0502,0,0,0.0025,0,0,0.0346,0.0231,0,0.0404,0.0115,0,0.0132,0.0412,0.0008,0,0.0115,0,0.0741,0.0247,0.0486,0.0692,0,0,0,0,0.061,0.2735,0.1483,0.0124,43018,0.3016,0.6984,0.5409,0.1015,0.1418,0.0808,0.0012,0.0006,5036,1,11530,0.001112347
190044,Clarkson University,www.clarkson.edu,44.663761,-74.999947,0.6214,121,520,620,570,670,490,600,570,620,545,24,29,22,28,25,30,NULL,NULL,27,25,28,NULL,1195,0,0.0076,0,0,0.0228,0,0.0182,0,0,0.5539,0.0956,0,0,0,0,0.003,0,0.0804,0.0197,0,0.0106,0,0,0,0.0197,0,0.041,0,0,0.0137,0,0,0,0,0,0,0.1077,0.0061,57221,0.7045,0.2955,0.8345,0.0211,0.047,0.0326,0.0026,0.0003,3130,6,13699,0.006674082
190415,Cornell University,www.cornell.edu,42.447199,-76.483489,0.1419,15,650,740,680,770,NULL,NULL,695,725,NULL,30,34,NULL,NULL,NULL,NULL,NULL,NULL,32,NULL,NULL,NULL,1422,0.135,0.0224,0.0359,0.0115,0.0188,0,0.0423,0,0.0011,0.1768,0,0.0115,0.0244,0,0.0157,0.0011,0,0.1361,0.0109,0,0.028,0,0.0028,0,0.0238,0,0.0221,0,0.0148,0.0938,0,0,0,0,0.0202,0,0.1373,0.0137,61608,0.4917,0.5083,0.4209,0.0597,0.1153,0.1722,0.0032,0.0007,14195,33,14853,0.036707453
191241,Fordham University,www.fordham.edu,40.861183,-73.889578,0.4812,58,570,670,580,680,580,680,620,630,630,26,30,26,33,25,29,8,9,28,30,27,9,1254,0,0,0,0.0165,0.1275,0,0.0217,0,0,0.0062,0,0.0129,0,0,0.0511,0.0114,0,0.0361,0.0186,0,0.0284,0,0.0258,0,0.0119,0,0.0722,0,0.0072,0.1806,0,0,0,0,0.0573,0,0.2864,0.0284,59105,0.4542,0.5458,0.6039,0.045,0.1391,0.0924,0.0012,0.0008,8485,1,10458,0.001112347
191649,Hofstra University,www.hofstra.edu,40.715959,-73.60078,0.6161,135,520,610,530,620,NULL,NULL,565,575,NULL,23,28,NULL,NULL,NULL,NULL,NULL,NULL,26,NULL,NULL,NULL,1147,0,0.0014,0,0.0043,0.1753,0,0.01,0,0.0285,0.0164,0,0.0143,0,0,0.0456,0.0071,0,0.0371,0.0143,0,0.0143,0,0.0064,0,0.0071,0,0.0841,0.0036,0,0.0855,0,0,0,0,0.0542,0.0898,0.2808,0.02,51214,0.462,0.538,0.5643,0.0878,0.143,0.0895,0.0029,0.0097,6803,2,11549,0.002224694
193900,New York University,www.nyu.edu,40.729452,-73.997264,0.3545,32,610,710,630,740,620,720,660,685,670,28,32,NULL,NULL,NULL,NULL,NULL,NULL,30,NULL,NULL,NULL,1344,0,0,0,0.0084,0.0535,0.0016,0.0238,0,0.0169,0.0426,0,0.0139,0.0106,0,0.0176,0.1012,0,0.0327,0.0153,0,0.0002,0,0.0072,0,0.0102,0,0.0501,0,0.0058,0.1582,0,0,0,0,0.2046,0.0792,0.1323,0.0143,61958,0.4341,0.5659,0.356,0.0506,0.1152,0.1962,0.0023,0.0011,24539,3,10012,0.003337041
194824,Rensselaer Polytechnic Institute,www.rpi.edu,42.728983,-73.678768,0.375,42,620,720,680,770,NULL,NULL,670,725,NULL,27,32,NULL,NULL,NULL,NULL,NULL,NULL,30,NULL,NULL,NULL,1372,0,0.0018,0.0399,0,0.0213,0,0.1055,0,0,0.5275,0.031,0,0,0,0,0,0,0.0576,0.0381,0,0.0195,0,0.0018,0,0.055,0,0.0053,0,0,0,0,0,0,0,0.031,0.0062,0.0585,0,61820,0.695,0.305,0.6172,0.0288,0.0732,0.104,0.0011,0.0005,5557,0,12180,0
195030,University of Rochester,www.rochester.edu,43.126437,-77.631042,0.3641,33,NULL,NULL,NULL,NULL,NULL,NULL,NULL,NULL,NULL,NULL,NULL,NULL,NULL,NULL,NULL,NULL,NULL,NULL,NULL,NULL,NULL,NULL,0,0.0036,0,0.0036,0,0,0.0258,0,0.0066,0.1154,0.0006,0.0306,0,0,0.0246,0.0066,0,0.134,0.0535,0,0.0042,0,0.0096,0,0.0463,0,0.0992,0,0,0.1526,0,0,0,0,0.0907,0.1424,0.0331,0.0168,61340,0.4942,0.5058,0.5099,0.0481,0.0589,0.1059,0.0031,0.0007,6074,7,14627,0.007786429
196103,SUNY College of Environmental Science and Forestry,www.esf.edu,43.034355,-76.139236,0.5113,76,530,640,560,640,NULL,NULL,585,600,NULL,24,29,NULL,NULL,NULL,NULL,NULL,NULL,27,NULL,NULL,NULL,1193,0,0.3838,0.0789,0,0,0,0,0,0,0.0702,0.0307,0,0,0,0,0,0,0.364,0,0,0,0,0,0,0.0263,0,0,0,0,0,0,0,0,0,0,0,0.0461,0,23671,0.5524,0.4476,0.8359,0.0163,0.0384,0.0332,0.0029,0.0006,1718,5,13210,0.005561735
196413,Syracuse University,syr.edu/,43.040005,-76.136633,0.5323,58,520,620,550,660,530,630,570,605,580,24,29,23,28,24,29,8,9,27,26,27,9,1184,0,0,0.0349,0.0033,0.1361,0,0.0543,0,0.0233,0.0862,0,0.0107,0.0316,0,0.0266,0.0057,0,0.0469,0.0036,0,0.0051,0.0307,0.0015,0,0.009,0,0.0507,0,0.0251,0.1134,0,0,0,0,0.1044,0.0251,0.1588,0.0131,57450,0.4489,0.5511,0.5534,0.0892,0.1076,0.0775,0.0077,0.0007,14768,13,13244,0.014460512
197708,Yeshiva University,www.yu.edu,40.8508,-73.928541,0.818,48,560,680,560,680,550,660,620,620,605,23,29,24,31,23,28,NULL,NULL,26,28,26,NULL,1221,0,0,0,0,0,0,0.0066,0,0.0155,0,0,0.375,0,0,0.0365,0,0,0.1128,0.0144,0,0.0409,0,0.0077,0,0.021,0,0.083,0,0,0.0796,0,0,0,0,0.0011,0.0188,0.1715,0.0155,55075,0.5359,0.4641,0.9364,0,0.0021,0,0.0004,0,2814,4,10033,0.004449388
198419,Duke University,WWW.DUKE.EDU,36.00159,-78.94226,0.1141,8,670,760,700,790,690,780,715,745,735,31,34,30,35,32,35,8,10,33,33,34,9,1454,0,0.0159,0,0.0159,0,0,0.0286,0,0.0186,0.1405,0,0.0191,0,0,0.0276,0,0,0.1644,0.0281,0,0,0,0.0111,0,0.0281,0,0.0748,0,0.0933,0.1803,0,0,0,0,0.0276,0.0753,0,0.0509,61748,0.5037,0.4963,0.4775,0.1003,0.0656,0.2148,0.0057,0.0006,6480,14,27708,0.015572859
198464,East Carolina University,www.ecu.edu,35.606347,-77.366199,0.7728,210,470,550,490,570,450,530,510,530,490,20,24,19,24,19,24,6,8,22,22,22,7,1036,0,0,0.0027,0,0.0607,0,0.015,0,0.1201,0.0157,0.0537,0.0046,0.0341,0,0.0121,0.0063,0,0.0599,0.0031,0,0,0.043,0.0027,0,0.0138,0,0.0413,0.0413,0.0203,0.0541,0,0,0,0,0.0384,0.1675,0.1806,0.0089,20710,0.4189,0.5811,0.6898,0.1625,0.0613,0.0273,0.006,0.0011,21207,308,27858,0.342602892
199847,Wake Forest University,www.wfu.edu,36.135301,-80.279004,0.3441,27,NULL,NULL,NULL,NULL,NULL,NULL,NULL,NULL,NULL,NULL,NULL,NULL,NULL,NULL,NULL,NULL,NULL,NULL,NULL,NULL,NULL,NULL,0,0,0,0.0035,0.098,0,0.0078,0,0.013,0,0,0.0191,0,0,0.0468,0,0,0.0945,0.0121,0,0,0.0564,0.0321,0,0.0425,0,0.0928,0,0,0.1882,0,0,0,0,0.0199,0,0.2411,0.0321,60210,0.4746,0.5254,0.7371,0.0648,0.0632,0.049,0.0012,0.0006,4861,17,27106,0.0189099
200280,University of North Dakota,und.edu,47.919774,-97.073451,0.86,168,465,600,490,600,NULL,NULL,533,545,NULL,21,26,20,26,21,26,NULL,NULL,24,23,24,NULL,1090,0,0,0,0.0029,0.0431,0.0053,0.0129,0,0.0489,0.0891,0.0062,0.0125,0,0,0.0134,0.0695,0,0.045,0.0096,0,0.0067,0.0225,0.0019,0,0.0153,0,0.0613,0.0292,0.0316,0.0292,0,0,0,0.1145,0.0187,0.1543,0.1457,0.0105,20306,0.5667,0.4333,0.8151,0.0228,0.0282,0.0138,0.0154,0.0011,10978,246,58202,0.273637375
201104,Ashland University,https://www.ashland.edu,40.860987,-82.320621,0.7257,203,450,560,460,590,NULL,NULL,505,525,NULL,20,25,19,25,19,25,NULL,NULL,23,22,22,NULL,1048,0,0.0045,0,0,0.0281,0,0.0067,0,0.4499,0,0,0.0011,0.0045,0,0.009,0.009,0,0.0562,0.0056,0,0.0067,0.0124,0.0011,0,0.0056,0,0.0191,0.0169,0.0135,0.0259,0,0,0,0,0.0202,0.1226,0.1744,0.0067,41577,0.4912,0.5088,0.7806,0.1289,0.026,0.0046,0.0046,0.0009,3227,3,44805,0.003337041
201645,Case Western Reserve University,www.case.edu,41.500812,-81.605769,0.3831,38,610,710,660,760,610,710,660,710,660,29,33,29,34,29,34,8,9,31,32,32,9,1375,0,0,0,0.0044,0,0,0.0452,0,0.0011,0.3139,0,0.0165,0.0077,0,0.0209,0,0,0.1333,0.0242,0,0.0363,0,0.0044,0,0.0573,0,0.0474,0,0,0.1046,0,0,0,0,0.0253,0.0617,0.0914,0.0044,57405,0.5444,0.4556,0.5319,0.0443,0.0553,0.1949,0.0006,0,4807,0,44106,0
202134,Cleveland State University,www.csuohio.edu/,41.502918,-81.673052,0.8421,209,440,590,460,580,440,550,515,520,495,19,24,18,24,17,25,6,8,22,21,21,7,1014,0,0.0129,0,0.0004,0.0613,0,0.0098,0,0.0688,0.0608,0.012,0.0102,0,0,0.0222,0.0075,0,0.0377,0.012,0,0,0.0049,0.0067,0,0.0102,0.0031,0.099,0,0.0528,0.1106,0,0,0,0,0.0484,0.1781,0.1616,0.0089,21684,0.465,0.535,0.6322,0.1837,0.0506,0.0285,0.0016,0.0014,11308,2,44115,0.002224694
202480,University of Dayton,https://www.udayton.edu,39.73686,-84.173662,0.5901,103,510,610,530,640,510,610,560,585,560,24,29,24,30,24,29,NULL,NULL,27,27,27,NULL,1194,0,0,0,0.0017,0.082,0,0.0058,0,0.0995,0.1385,0.039,0.0047,0.0012,0,0.0227,0.0076,0,0.0588,0.0047,0,0.0244,0.0233,0.0105,0,0.0058,0,0.0558,0.0215,0,0.0372,0,0,0,0,0.0285,0.0809,0.2339,0.0122,49540,0.528,0.472,0.7894,0.0283,0.0315,0.0138,0.001,0.0002,8305,48,45469,0.053392659
206084,University of Toledo,www.utoledo.edu/,41.65795,-83.615225,0.9473,263,440,575,460,610,420,550,508,535,485,19,25,18,26,18,25,6,8,22,22,22,7,1031,0,0.0088,0,0.0017,0.032,0,0.0245,0,0.0823,0.129,0.0408,0.0071,0,0.0065,0.0116,0.0068,0,0.0313,0.0085,0,0.0555,0.0449,0.0037,0,0.0129,0,0.0388,0.0415,0.0252,0.0214,0,0,0,0,0.0194,0.1756,0.1654,0.0048,21480,0.5177,0.4823,0.691,0.1364,0.0437,0.0228,0.002,0.0007,15182,33,43606,0.036707453
207971,University of Tulsa,www.utulsa.edu,36.151887,-95.945175,0.4026,88,560,710,570,700,NULL,NULL,635,635,NULL,26,32,26,34,25,31,NULL,NULL,29,30,28,NULL,1296,0,0.006,0,0.003,0.0241,0,0.0331,0,0.0226,0.2229,0.0226,0.0196,0,0,0.0151,0.003,0,0.0753,0.0256,0,0,0.0467,0.0105,0,0.0211,0,0.0527,0,0,0.0512,0,0,0,0,0.0738,0.0452,0.2169,0.009,49323,0.5821,0.4179,0.5495,0.0445,0.0436,0.0334,0.0372,0.0012,3441,3,74104,0.003337041
209542,Oregon State University,oregonstate.edu,44.56274,-123.274721,0.7776,138,480,610,500,620,460,590,545,560,525,21,28,20,27,21,28,7,8,25,24,25,8,1112,0.0685,0.0689,0,0.0034,0.0183,0,0.0317,0,0.0145,0.1459,0,0.0081,0.1089,0,0.016,0.0374,0,0.0676,0.0068,0,0.0368,0.0432,0.0015,0,0.0179,0,0.0291,0,0,0.0642,0,0,0,0,0.0179,0.0491,0.1325,0.0119,23326,0.5365,0.4635,0.6774,0.0129,0.0802,0.0698,0.0065,0.0036,22925,9,97331,0.010011123
209551,University of Oregon,www.uoregon.edu,44.044515,-123.07398,0.749,106,490,610,500,620,490,600,550,560,545,22,27,21,28,21,27,7,8,25,25,24,8,1116,0,0.0333,0.0174,0.0105,0.1119,0,0.0112,0,0.0176,0,0,0.0428,0,0,0.0213,0.0054,0,0.0801,0.0088,0,0.0348,0,0.0112,0,0.017,0,0.0823,0,0.0335,0.2172,0,0,0,0,0.0716,0.0112,0.1431,0.0178,23055,0.4778,0.5222,0.6191,0.0202,0.0897,0.0535,0.0054,0.0042,20252,151,97403,0.167964405
209807,Portland State University,www.pdx.edu,45.511229,-122.683553,0.6933,233,450,590,450,570,NULL,NULL,520,510,NULL,19,25,NULL,NULL,NULL,NULL,NULL,NULL,22,NULL,NULL,NULL,1030,0,0.016,0.0087,0.005,0.024,0,0.0158,0,0,0.048,0,0.0334,0.0162,0,0.0315,0.0656,0,0.0453,0.0117,0,0.029,0,0.0062,0,0.0146,0,0.0736,0.0432,0.0258,0.1691,0,0,0,0,0.0613,0.0752,0.1632,0.0176,20318,0.478,0.522,0.6014,0.0348,0.1111,0.0768,0.0144,0.0073,19662,61,97201,0.06785317
211440,Carnegie Mellon University,www.cmu.edu/,40.444616,-79.942914,0.246,25,640,740,700,800,660,760,690,750,710,30,34,30,35,31,35,NULL,NULL,32,33,33,NULL,1436,0,0,0.0365,0,0,0,0.123,0,0,0.2568,0,0.0061,0,0,0.023,0.0203,0,0.0257,0.0622,0,0.0946,0,0.0054,0,0.0743,0,0.0291,0,0.0095,0.05,0,0,0,0,0.1061,0,0.0743,0.0034,61990,0.5668,0.4332,0.3538,0.0491,0.0761,0.2695,0.0009,0.0002,5819,94,15213,0.104560623
212054,Drexel University,www.drexel.edu,39.954855,-75.188745,0.7601,95,530,630,570,670,520,630,580,620,575,23,27,22,29,24,29,NULL,NULL,25,26,27,NULL,1186,0,0.0035,0.011,0,0.0195,0,0.0602,0.0044,0.0094,0.1776,0.0085,0,0,0.006,0.0094,0.0132,0,0.0513,0.0047,0,0.0117,0.0076,0.0003,0,0.0082,0,0.0249,0.0047,0,0.0189,0,0,0,0,0.1036,0.2463,0.1906,0.0044,56402,0.5296,0.4704,0.5555,0.0657,0.0596,0.1314,0.0016,0.0059,16681,14,19104,0.015572859
212106,Duquesne University,www.duq.edu,40.437496,-79.993046,0.7306,116,520,620,520,610,510,610,570,565,560,23,28,23,28,23,27,NULL,NULL,26,26,25,NULL,1144,0,0.0046,0,0,0.0673,0,0.0201,0,0.0611,0,0,0.0031,0,0,0.0271,0.0387,0,0.0813,0.0116,0,0.0054,0,0.0077,0,0.0132,0,0.0488,0,0,0.0751,0,0,0,0,0.0341,0.2477,0.2353,0.0178,43963,0.3907,0.6093,0.8303,0.0429,0.027,0.0193,0.0013,0.0012,5969,11,15282,0.012235818
213011,Immaculata University,www.immaculata.edu,40.027963,-75.57063,0.7594,181,440,530,430,530,430,540,485,480,485,17,23,NULL,NULL,NULL,NULL,NULL,NULL,20,NULL,NULL,NULL,962,0,0,0,0,0.0108,0,0.0068,0,0.0447,0,0,0,0,0,0.0095,0.0081,0,0.0176,0.0027,0,0.0054,0.0298,0,0.0027,0.0014,0,0.0474,0.019,0,0.0217,0,0,0,0,0.0027,0.5732,0.1843,0.0122,47048,0.2545,0.7455,0.7311,0.1536,0.0537,0.0189,0.0005,0.001,2012,0,19345,0
213543,Lehigh University,www.lehigh.edu,40.607158,-75.378887,0.3427,40,590,670,640,740,NULL,NULL,630,690,NULL,28,32,NULL,NULL,NULL,NULL,NULL,NULL,30,NULL,NULL,NULL,1326,0,0.0034,0.0282,0.0026,0.0162,0,0.0631,0,0,0.3174,0,0.0017,0,0,0.0205,0,0,0.0759,0.0111,0,0.0529,0,0.0026,0,0.0427,0,0.035,0,0,0.0495,0,0,0,0,0.0179,0,0.2509,0.0085,57043,0.5532,0.4468,0.6736,0.0373,0.0826,0.0803,0.001,0,5034,145,18015,0.161290323
215062,University of Pennsylvania,www.upenn.edu,39.951002,-75.193618,0.1037,8,670,770,690,780,690,780,720,735,735,31,34,32,35,30,34,8,10,33,34,32,9,1452,0,0.0044,0.0051,0.0106,0.0394,0,0.0394,0,0,0.0913,0,0.023,0,0,0.0321,0.0011,0,0.0913,0.0168,0,0.0237,0,0.0475,0,0.015,0,0.027,0,0.0033,0.1595,0,0,0,0,0.0307,0.0993,0.2004,0.0391,61800,0.4924,0.5076,0.4543,0.0716,0.1034,0.189,0.0008,0.0004,10678,8,19104,0.008898776
216339,Temple University,www.temple.edu,39.980943,-75.158267,0.6173,121,500,610,510,620,490,600,555,565,545,22,28,21,29,21,28,7,8,25,25,25,8,1125,0.0032,0.0089,0.0159,0.0058,0.1165,0,0.0307,0,0.0636,0.0277,0.0074,0.0196,0,0.0065,0.0291,0,0,0.0511,0.0024,0,0.004,0.0476,0.0086,0,0.0133,0,0.0605,0.0388,0.0159,0.0605,0,0,0,0,0.0916,0.05,0.2064,0.0146,27202,0.4915,0.5085,0.5822,0.1321,0.0581,0.1037,0.0017,0.0012,27669,33,19122,0.036707453
217156,Brown University,www.brown.edu,41.827605,-71.404467,0.0874,16,660,770,670,780,670,780,715,725,725,30,34,30,35,28,34,NULL,NULL,32,33,31,NULL,1435,0,0.0295,0,0.0427,0.0125,0,0.0502,0,0.0163,0.0521,0,0.0339,0,0,0.0445,0,0,0.1374,0.0621,0,0.0596,0,0.0125,0,0.0414,0,0.0364,0,0.0069,0.2083,0,0,0,0,0.0458,0.0282,0.0395,0.0402,60460,0.488,0.512,0.4355,0.0669,0.1132,0.1285,0.0038,0.0016,6264,0,2912,0
217484,University of Rhode Island,www.uri.edu/,41.484691,-71.527356,0.7681,161,480,580,490,590,480,580,530,540,530,22,26,NULL,NULL,NULL,NULL,NULL,NULL,24,NULL,NULL,NULL,1077,0.0272,0.0382,0.0046,0.0043,0.0908,0,0.01,0,0.0257,0.0793,0,0.0239,0.0743,0,0.0282,0.0036,0,0.0579,0.0071,0,0,0.0504,0.0032,0,0.0075,0,0.0747,0,0,0.0793,0,0,0,0,0.0332,0.139,0.1233,0.0139,26452,0.4599,0.5401,0.704,0.0513,0.0885,0.0298,0.0019,0.0003,13205,38,2881,0.042269188
217882,Clemson University,www.clemson.edu,34.677329,-82.834463,0.5152,62,560,660,590,680,540,650,610,635,595,26,31,NULL,NULL,NULL,NULL,NULL,NULL,29,NULL,NULL,NULL,1261,0.0675,0.014,0.0183,0,0,0,0.0175,0,0.0397,0.189,0.0114,0.0207,0,0,0.0376,0,0,0.0879,0.0114,0,0,0.0315,0.0053,0,0.0172,0,0.0593,0,0,0.0675,0,0,0,0,0.0289,0.0675,0.1925,0.0154,26065,0.5338,0.4662,0.8348,0.0646,0.0298,0.0194,0.0019,0.0007,17083,303,29634,0.337041157
218733,South Carolina State University,www.scsu.edu,33.497439,-80.851185,0.8454,236,360,450,370,450,NULL,NULL,405,410,NULL,15,18,NULL,NULL,NULL,NULL,NULL,NULL,17,NULL,NULL,NULL,810,0.0071,0,0,0,0.0229,0,0.0247,0,0.0917,0.0159,0.0741,0,0.1164,0,0.0159,0,0,0.0847,0.0088,0,0,0.0123,0,0,0.0265,0,0.0529,0.0653,0.0829,0.0265,0,0,0,0,0.0194,0.1164,0.1235,0.0123,26245,0.4867,0.5133,0.0236,0.9542,0.0062,0.0058,0.0011,0.0004,2753,6,29117,0.006674082
219356,South Dakota State University,www.sdstate.edu/,44.31942,-96.783415,0.9201,181,430,560,460,610,NULL,NULL,495,535,NULL,20,26,19,25,19,26,NULL,NULL,23,22,23,NULL,1068,0.1499,0.0283,0.0093,0,0.0216,0,0.0124,0,0.0392,0.0639,0.0392,0.0108,0.0572,0,0.0139,0.0335,0,0.0474,0.0134,0,0.0062,0.0371,0,0,0.0052,0,0.033,0,0,0.0788,0,0,0,0.0031,0.0309,0.2287,0.0206,0.0165,19330,0.4769,0.5231,0.8935,0.02,0.0195,0.0091,0.0086,0.001,10003,145,57007,0.161290323
219471,University of South Dakota,WWW.USD.EDU,42.784558,-96.924664,0.8882,168,400,440,470,610,410,510,420,540,460,20,25,20,25,19,25,NULL,NULL,23,23,22,NULL,1044,0,0,0,0.0008,0.0488,0,0.0069,0,0.0824,0,0,0.0076,0,0,0.0183,0.0343,0,0.045,0.0046,0,0.0046,0.0244,0,0,0.0099,0,0.0557,0.0442,0,0.0366,0,0,0,0,0.0244,0.4363,0.1022,0.013,19695,0.3707,0.6293,0.87,0.0227,0.025,0.0133,0.016,0.0071,6331,63,57069,0.070077864
220075,East Tennessee State University,www.etsu.edu,36.304077,-82.366734,0.9174,211,410,600,440,620,NULL,NULL,505,530,NULL,19,25,19,26,17,24,NULL,NULL,22,23,21,NULL,1030,0,0,0,0.0017,0.0332,0.0159,0.0271,0,0.056,0,0.0302,0.0052,0.0207,0,0.0336,0.0741,0,0.0271,0.0069,0,0,0.0633,0.0052,0,0.0237,0,0.053,0.0379,0.0504,0.0327,0,0,0,0,0.0353,0.2357,0.1112,0.0198,21826,0.4324,0.5676,0.8361,0.0641,0.0216,0.0132,0.0023,0.0006,11162,68,37614,0.0756396
220862,University of Memphis,www.memphis.edu,35.118874,-89.938062,0.474,251,450,570,450,560,440,560,510,505,500,19,25,20,26,17,24,4,9,22,23,21,7,1029,0,0,0.0033,0.002,0.0461,0,0.0077,0,0.102,0.0361,0.0127,0.0137,0,0,0.0271,0.0615,0,0.0267,0.0114,0,0.1187,0.0435,0.005,0,0.0167,0,0.0565,0.0378,0.0221,0.0438,0,0,0,0,0.0318,0.0749,0.1792,0.0197,21492,0.399,0.601,0.5058,0.3793,0.0389,0.0275,0.0025,0.0014,16093,12,38152,0.013348165
220978,Middle Tennessee State University,www.mtsu.edu,35.849139,-86.362094,0.7206,222,480,600,470,590,NULL,NULL,540,530,NULL,19,25,20,26,18,24,NULL,NULL,22,23,21,NULL,1032,0.0279,0,0,0,0.0643,0,0.0082,0,0.0698,0,0.0282,0.011,0.0317,0,0.0244,0.1064,0,0.0409,0.0072,0,0.0454,0.0376,0.004,0,0.0107,0,0.0499,0.0371,0.0194,0.0421,0,0,0,0.0304,0.0942,0.0484,0.1456,0.0152,19251,0.465,0.535,0.6596,0.207,0.0433,0.0258,0.0032,0.0011,19928,39,37132,0.043381535
221838,Tennessee State University,www.tnstate.edu,36.16899,-86.82937,NULL,237,NULL,NULL,NULL,NULL,NULL,NULL,NULL,NULL,NULL,NULL,NULL,NULL,NULL,NULL,NULL,NULL,NULL,NULL,NULL,NULL,NULL,NULL,0.0077,0,0,0.0022,0.0571,0,0.0143,0,0.1218,0.0505,0.0088,0,0.0318,0,0.0176,0.0176,0,0.0428,0.0022,0,0,0.0373,0,0,0.0198,0,0.0735,0.0746,0.0187,0.0296,0,0,0,0,0.0077,0.247,0.1076,0.0099,17119,0.4057,0.5943,0.1429,0.7166,0.0128,0.0096,0.0014,0,6968,12,37209,0.013348165
221892,Trevecca Nazarene University,www.trevecca.edu,36.142115,-86.753566,0.7308,243,470,590,450,590,NULL,NULL,530,520,NULL,20,26,18,25,21,27,NULL,NULL,23,22,24,NULL,1066,0,0,0,0,0.0565,0,0.0395,0,0.0678,0,0,0,0,0,0.0113,0.0028,0,0.0395,0.0056,0,0.0282,0.0367,0,0.0593,0.0028,0,0.0452,0.0311,0.0367,0,0,0,0,0,0.0508,0.0734,0.404,0.0085,32604,0.4375,0.5625,0.7122,0.087,0.0379,0.0118,0.0056,0.0006,1609,0,37210,0
221999,Vanderbilt University,www.vanderbilt.edu,36.14443,-86.804875,0.1309,16,710,780,720,800,680,770,745,760,725,32,34,33,35,30,35,8,10,33,34,33,9,1481,0,0,0,0.0084,0.0265,0,0.0144,0,0.0415,0.1654,0,0.0235,0.0018,0,0.0445,0,0,0.0758,0.0156,0,0.1028,0,0.015,0,0.018,0,0.0553,0,0.0138,0.3055,0,0,0,0,0.0373,0,0,0.0349,61112,0.4993,0.5007,0.5826,0.0808,0.0805,0.1009,0.0031,0.0007,6818,27,37240,0.03003337
223232,Baylor University,www.baylor.edu,31.545956,-97.119359,0.5536,71,560,660,570,670,530,640,610,620,585,24,30,24,31,24,29,7,8,27,28,27,8,1227,0,0.0091,0,0.0004,0.0895,0,0.0119,0,0.0523,0.0397,0,0.0095,0.0207,0,0.0162,0.0018,0,0.1246,0.0053,0,0.0126,0.0186,0.0158,0.0018,0.0095,0,0.0474,0,0.0137,0.06,0,0,0,0.0032,0.0411,0.1397,0.2426,0.013,53797,0.4197,0.5803,0.6402,0.0733,0.1413,0.0625,0.0036,0.0005,13801,85,76798,0.094549499
225511,University of Houston,www.uh.edu/,29.719988,-95.344851,0.6299,189,500,610,540,640,NULL,NULL,555,590,NULL,22,27,21,27,23,27,NULL,NULL,25,24,25,NULL,1139,0,0.002,0.0137,0,0.0637,0,0.0278,0,0,0.054,0.0388,0.0094,0.0391,0,0.0204,0.0066,0,0.0582,0.018,0,0.0532,0.0414,0.0028,0,0.0212,0,0.075,0,0,0.0684,0,0,0,0,0.0422,0.0284,0.3005,0.0151,22713,0.5062,0.4938,0.2718,0.1083,0.3133,0.2167,0.001,0.0027,31643,103,77204,0.114571746
226091,Lamar University,www.lamar.edu,30.044274,-94.073389,0.7881,220,420,530,440,530,NULL,NULL,475,485,NULL,18,23,16,23,17,24,NULL,NULL,21,20,21,NULL,963,0,0.004,0.004,0,0.0387,0,0.0093,0,0,0.0808,0.0127,0.0174,0.022,0,0.0194,0.0694,0,0.026,0.0053,0,0.1769,0.0374,0,0,0.0174,0,0.0227,0.0501,0.0227,0.0127,0,0,0,0,0.034,0.1956,0.1148,0.0067,19692,0.4233,0.5767,0.4902,0.2831,0.1306,0.0426,0.0041,0.001,9043,30,77705,0.033370412
227216,University of North Texas,www.unt.edu,33.210958,-97.151211,0.6538,257,490,600,500,610,NULL,NULL,545,555,NULL,21,26,19,25,20,26,NULL,NULL,24,22,23,NULL,1096,0,0,0.0044,0,0.0554,0,0.0147,0,0,0.0236,0.0073,0.0209,0.012,0,0.0473,0.0515,0,0.0396,0.0095,0,0.1294,0.0443,0.0057,0,0.0079,0,0.0546,0.042,0.0119,0.0697,0,0,0,0.0044,0.0863,0.0328,0.2005,0.0242,19405,0.4833,0.5167,0.488,0.1237,0.2066,0.055,0.0044,0.0013,29758,250,76203,0.278086763
227331,Our Lady of the Lake University,www.ollusa.edu,29.425611,-98.54395,0.4952,232,410,510,430,520,NULL,NULL,460,475,NULL,18,22,16,21,17,23,NULL,NULL,20,19,20,NULL,941,0,0,0,0,0.0369,0,0.0523,0,0.0615,0,0,0.0031,0.0462,0,0.0215,0.0246,0,0.0462,0.0092,0,0,0.0338,0.0031,0,0.0092,0,0.0769,0.0738,0.0892,0.0185,0,0,0,0,0.0277,0.1477,0.2154,0.0031,35340,0.2976,0.7024,0.133,0.0958,0.7063,0.0071,0.0051,0.0006,1556,0,78207,0
227757,Rice University,www.rice.edu,29.716485,-95.403625,0.151,19,680,760,710,790,670,770,720,750,720,31,34,32,35,30,35,8,10,33,34,33,9,1460,0,0.002,0.0335,0.0081,0,0,0.0477,0,0,0.2515,0,0.0162,0,0,0.0304,0,0,0.1268,0.0487,0,0.0365,0.069,0.0162,0,0.0558,0,0.0487,0,0.001,0.14,0,0,0,0,0.0446,0,0.001,0.0223,54291,0.5211,0.4789,0.3794,0.0674,0.1499,0.2261,0.001,0.0003,3888,6,77005,0.006674082
227881,Sam Houston State University,www.shsu.edu/,30.7247,-95.5519,0.7367,235,450,550,460,550,NULL,NULL,500,505,NULL,19,23,19,24,18,24,NULL,NULL,21,22,21,NULL,1000,0.0538,0.0003,0.0012,0,0.0505,0.0048,0.0076,0,0,0,0.0148,0.0066,0.0118,0,0.0236,0.0042,0,0.0248,0.0054,0,0.1272,0.0532,0.0009,0,0.0166,0,0.0456,0.2021,0,0.0287,0,0,0,0,0.0535,0.0227,0.2106,0.0296,19721,0.4,0.6,0.54,0.1875,0.1888,0.0128,0.0046,0.0017,16819,37,77340,0.041156841
228246,Southern Methodist University,www.smu.edu,32.845254,-96.784855,0.524,58,600,690,620,710,600,695,645,665,648,28,31,28,33,26,32,8,9,30,31,29,9,1316,0,0.0041,0,0.0006,0.1081,0,0.0158,0,0.0023,0.1005,0,0.0269,0,0,0.0234,0.0339,0,0.0356,0.0444,0,0.0105,0.0543,0.0129,0,0.014,0,0.052,0,0.0082,0.1402,0,0,0,0,0.0701,0.0029,0.2185,0.021,60938,0.4954,0.5046,0.6579,0.0494,0.117,0.0651,0.0028,0.0014,6340,88,75275,0.097886541
228875,Texas Christian University,www.tcu.edu/,32.709568,-97.361537,0.4887,76,530,630,550,650,540,650,580,600,595,24,30,25,32,24,29,NULL,NULL,27,29,27,NULL,1207,0.0116,0.0056,0,0,0.1702,0,0.0131,0,0.0561,0.0207,0,0.0066,0,0,0.0182,0.0379,0,0.0364,0.0076,0,0,0.0056,0.0086,0,0.0202,0,0.0687,0.0162,0.0096,0.0884,0,0,0,0,0.0581,0.1359,0.1914,0.0136,50440,0.4016,0.5984,0.74,0.048,0.1084,0.0266,0.0086,0.003,8600,1,76129,0.001112347
229063,Texas Southern University,www.tsu.edu,29.722468,-95.361961,0.5192,241,360,440,370,460,350,430,400,415,390,15,18,12,17,15,18,9,11,17,15,17,10,812,0,0,0,0,0.1073,0,0.015,0,0,0,0.0438,0.0104,0.0138,0,0.0081,0.0946,0,0.0784,0.0069,0,0.0242,0.0265,0,0,0.0208,0,0.0346,0.0611,0.0358,0.0381,0,0,0,0.0161,0.0127,0.1246,0.2226,0.0046,22183,0.4305,0.5695,0.019,0.8228,0.0644,0.0243,0.0052,0.0007,6880,23,77004,0.025583982
229115,Texas Tech University,www.ttu.edu,33.580309,-101.876917,0.6613,156,490,590,510,610,470,560,540,560,515,22,27,21,26,22,27,6,8,25,24,25,7,1110,0.0531,0.0095,0.0228,0.0006,0.0718,0,0.0196,0,0,0.1159,0.0019,0.0099,0.0765,0,0.0301,0.0183,0,0.0394,0.0082,0,0.0834,0.0613,0.0046,0,0.0128,0,0.0409,0,0.0055,0.0524,0,0,0,0,0.0331,0.0072,0.1991,0.0221,21239,0.5528,0.4472,0.6116,0.0607,0.2209,0.0252,0.0031,0.0012,28278,206,79409,0.229143493
229179,Texas Woman's University,www.twu.edu,33.227002,-97.129088,0.8531,242,410,530,430,540,410,520,470,485,465,17,23,15,22,17,24,6,8,20,19,21,7,953,0,0,0,0,0,0,0.0046,0.0035,0,0,0,0,0.0593,0.0101,0.0101,0.1292,0,0.034,0.0137,0,0.1211,0.0542,0,0,0.0046,0,0.0426,0.0279,0.0289,0.0122,0,0,0,0,0.0436,0.2995,0.0963,0.0046,16846,0.1029,0.8971,0.4054,0.2063,0.248,0.0809,0.0048,0.0013,9327,35,76201,0.038932147
230728,Utah State University,www.usu.edu,41.740748,-111.81391,0.9783,194,470,590,450,590,NULL,NULL,530,520,NULL,20,26,19,27,18,26,NULL,NULL,23,23,22,NULL,1067,0.0282,0.0065,0.0089,0.0076,0.0152,0,0.0239,0.0011,0.112,0.0458,0.0011,0.0074,0.0512,0.0046,0.0263,0.2062,0,0.025,0.0054,0,0.0317,0.0046,0.0026,0,0.0087,0,0.0206,0.0035,0.0148,0.0864,0.0002,0.0041,0.0022,0.0024,0.0308,0.0968,0.1061,0.0082,16572,0.4718,0.5282,0.8085,0.0095,0.0575,0.0101,0.0209,0.0034,21087,78,84322,0.08676307
230764,University of Utah,www.utah.edu,40.762484,-111.846044,0.8142,129,500,640,520,650,490,610,570,585,550,21,28,21,29,20,27,7,8,25,25,24,8,1131,0,0.0094,0.009,0.0057,0.0788,0,0.0342,0,0.0147,0.0799,0,0.0234,0.0499,0,0.0293,0,0,0.0355,0.0137,0,0.0287,0.0534,0.0049,0,0.0253,0,0.064,0,0.0159,0.1436,0,0,0,0,0.0679,0.0786,0.1186,0.0155,18931,0.5555,0.4445,0.7051,0.0136,0.1011,0.0545,0.005,0.0061,22804,59,84112,0.065628476
231174,University of Vermont,www.uvm.edu,44.479262,-73.198128,0.7344,85,540,640,540,650,540,640,590,595,590,24,29,24,29,24,30,8,9,27,27,27,9,1191,0.0375,0.0983,0,0.0047,0.0229,0,0.0138,0,0.0781,0.0517,0,0.0241,0.0086,0,0.044,0,0,0.0815,0.0224,0,0.0293,0.0164,0.0078,0,0.0078,0,0.0638,0,0.0134,0.1143,0,0,0,0,0.0418,0.0966,0.0923,0.0289,28348,0.4499,0.5501,0.8305,0.0113,0.0437,0.0248,0.0022,0.0003,9958,6,5405,0.006674082
231624,College of William and Mary,www.wm.edu,37.271997,-76.709417,0.3302,33,640,730,630,740,620,720,685,685,670,29,33,29,34,27,33,6,10,31,32,30,8,1373,0,0,0,0.0223,0,0,0.0248,0,0,0,0,0.0229,0,0,0.0687,0,0,0.1202,0.0235,0,0.049,0.0509,0.0197,0,0.0687,0,0.0769,0,0.0197,0.2263,0,0,0,0,0.0273,0,0.131,0.0483,28329,0.4375,0.5625,0.5895,0.074,0.0913,0.0785,0.0016,0.0005,6256,47,23187,0.052280311
231651,Regent University,www.regent.edu,36.800929,-76.192844,0.7982,234,490,610,460,570,NULL,NULL,550,515,NULL,20,26,20,27,18,25,NULL,NULL,23,24,22,NULL,1066,0,0,0,0,0.1397,0.0393,0.0349,0,0.0349,0,0,0,0,0,0.1026,0.0087,0,0,0,0,0,0,0.0328,0.1266,0,0,0.1594,0.0175,0.0699,0,0,0,0,0,0.0197,0,0.1856,0.0284,27182,0.3902,0.6098,0.6124,0.22,0.0717,0.0185,0.0062,0.0018,2273,0,23464,0
232186,George Mason University,www.gmu.edu,38.83088,-77.30794,0.6665,138,520,620,530,630,NULL,NULL,570,580,NULL,23,28,22,29,23,27,NULL,NULL,26,26,25,NULL,1152,0,0.0034,0,0.0016,0,0.0056,0.0701,0,0.0264,0.0389,0,0.0066,0,0,0.0783,0.0489,0,0.0634,0.0079,0,0.0181,0,0.0036,0,0.0171,0,0.0727,0.0519,0.0163,0.1343,0,0,0,0,0.0515,0.0799,0.1806,0.0228,23212,0.4857,0.5143,0.4494,0.1008,0.1225,0.1845,0.002,0.0042,21678,52,22030,0.057842047
232982,Old Dominion University,www.odu.edu,36.884919,-76.309653,0.8189,231,460,560,460,560,NULL,NULL,510,510,NULL,18,23,16,23,17,24,NULL,NULL,21,20,21,NULL,1007,0,0,0,0.0056,0,0,0.0101,0,0.0641,0.0644,0.0421,0.0041,0,0,0.0743,0,0,0.0558,0.0079,0,0.0669,0.015,0.0018,0,0.0074,0,0.0763,0,0,0.1324,0,0,0,0,0.0325,0.1843,0.1336,0.0216,20966,0.4583,0.5417,0.5004,0.2691,0.0693,0.0437,0.0041,0.0044,19842,66,23529,0.073414905
234030,Virginia Commonwealth University,www.vcu.edu/,37.547631,-77.453597,0.7535,156,500,610,500,600,490,590,555,550,540,21,27,20,27,20,26,NULL,NULL,24,24,23,NULL,1105,0,0.0121,0,0.0161,0.063,0,0.0302,0,0.0281,0.0471,0,0.0121,0,0,0.0295,0,0,0.067,0.0075,0,0.062,0,0.0111,0,0.026,0,0.0991,0.084,0.0161,0.0549,0,0,0,0,0.112,0.0714,0.1282,0.0224,27494,0.4325,0.5675,0.5095,0.1796,0.0788,0.1257,0.0029,0.002,22280,334,23284,0.371523915
236939,Washington State University,wsu.edu/,46.730448,-117.158168,0.8208,138,450,570,460,580,440,550,510,520,495,19,25,18,25,18,25,6,8,22,22,22,7,1030,0.0251,0.0124,0.0073,0.0031,0.0766,0,0.0132,0,0.0341,0.0979,0,0.0061,0.0659,0,0.0216,0.0184,0,0.0632,0.0063,0,0.0123,0.0312,0.0052,0,0.008,0,0.067,0.027,0.0034,0.1165,0,0,0,0,0.0123,0.0755,0.1749,0.0155,26543,0.4881,0.5119,0.6499,0.034,0.1192,0.0524,0.0061,0.0038,23585,188,99164,0.209121246
238032,West Virginia University,www.wvu.edu/,39.63468,-79.953926,0.8579,168,460,560,480,580,NULL,NULL,510,530,NULL,21,26,19,26,20,26,NULL,NULL,24,23,23,NULL,1069,0.0358,0.0173,0.0052,0,0.0829,0,0.0096,0,0.0178,0.119,0,0.0112,0.0122,0,0.0213,0.0579,0,0.0665,0.0063,0,0.0862,0.0349,0.0028,0,0.0218,0,0.0408,0.0089,0.0096,0.0733,0,0,0,0,0.0464,0.0733,0.12,0.0187,17585,0.5467,0.4533,0.814,0.0458,0.0356,0.0156,0.0014,0.0008,21945,518,26506,0.576195773
238430,Cardinal Stritch University,www.stritch.edu,43.139752,-87.909045,0.8298,207,435,495,460,500,NULL,NULL,465,480,NULL,19,24,17,24,19,24,NULL,NULL,22,21,22,NULL,1003,0,0,0,0,0.0099,0,0.0028,0,0.0451,0,0,0.0028,0,0,0.0071,0.0056,0,0.0099,0.0071,0,0,0.0169,0.0099,0,0.0028,0,0.0071,0,0,0.0099,0,0,0,0,0.0254,0.165,0.6601,0.0127,37755,0.3429,0.6571,0.5647,0.224,0.0916,0.02,0.0052,0.0017,2304,3,53217,0.003337041
238661,Edgewood College,www.edgewood.edu,43.058727,-89.422122,0.7622,181,320,400,550,580,NULL,NULL,360,565,NULL,20,25,20,25,19,26,NULL,NULL,23,23,23,NULL,1048,0,0,0,0,0.0519,0,0.0377,0,0.0991,0,0,0.0047,0,0,0.0142,0,0,0.0542,0.0047,0,0.0094,0,0.0047,0,0.0165,0,0.0849,0.0236,0,0.066,0,0,0,0,0.0354,0.2642,0.2217,0.0071,36879,0.2893,0.7107,0.7966,0.0236,0.0596,0.0263,0.0038,0.0005,1863,0,53711,0
239105,Marquette University,www.marquette.edu,43.03903,-87.927961,0.6671,76,540,640,560,650,520,620,590,605,570,25,29,24,30,24,29,8,9,27,27,27,9,1220,0,0,0,0,0.1253,0,0.0235,0,0.0449,0.1303,0,0.0115,0,0,0.0219,0,0,0.1122,0.0104,0,0.0263,0,0.0033,0.0038,0.0077,0,0.0547,0,0.0071,0.0821,0,0,0,0,0.0066,0.1237,0.1866,0.0181,48364,0.4763,0.5237,0.7367,0.0426,0.0958,0.0496,0.0022,0.0009,8212,45,53233,0.050055617
240727,University of Wyoming,www.uwyo.edu,41.311943,-105.57204,0.9766,161,470,600,470,610,NULL,NULL,535,540,NULL,22,27,21,27,21,27,NULL,NULL,25,24,24,NULL,1118,0.051,0,0,0.0025,0.0382,0,0.0089,0,0.1115,0.1041,0.005,0.0084,0.0223,0,0.0134,0.0005,0,0.0837,0.0114,0,0.0114,0.0337,0.005,0,0.0302,0,0.058,0.0352,0.0164,0.059,0,0,0,0,0.0347,0.1278,0.116,0.0119,18145,0.4825,0.5175,0.7791,0.0105,0.067,0.0132,0.0057,0.0029,9910,208,82071,0.231368187
243744,Stanford University,www.stanford.edu/,37.426967,-122.168826,0.0509,4,680,780,700,790,690,790,730,745,740,31,34,32,35,30,35,NULL,NULL,33,34,33,NULL,1465,0,0,0,0.023,0.0145,0,0.1278,0,0,0.1654,0.0369,0.0254,0,0,0.0303,0,0,0.06,0.0333,0,0.1866,0,0.0115,0,0.0485,0,0.0315,0,0.0151,0.1435,0,0,0,0,0.0212,0,0,0.0254,60311,0.5278,0.4722,0.3752,0.0591,0.1607,0.1979,0.0114,0.0038,7018,46,94305,0.051167964
413413,Capella University,www.capella.edu,44.976186,-93.268714,NULL,272,NULL,NULL,NULL,NULL,NULL,NULL,NULL,NULL,NULL,NULL,NULL,NULL,NULL,NULL,NULL,NULL,NULL,NULL,NULL,NULL,NULL,NULL,0,0,0,0,0,0,0.1913,0,0,0,0,0,0,0,0,0,0,0,0,0,0,0,0,0,0,0,0.1592,0.067,0.0049,0,0,0,0,0,0,0.1291,0.4485,0,17994,0.308,0.692,0.4405,0.2792,0.0679,0.0144,0.0042,0.0049,8738,0,55402,0
